Handle,Title,Watch Brand (product.metafields.custom.watch_brand),Watch Size (product.metafields.custom.watch_size),Watch Movement (product.metafields.custom.watch_movement),Watch Gender (product.metafields.custom.watch_gender),Watch Type (product.metafields.custom.watch_type)
ricoh-india-yellow-dial-ref-unknown-32mm-manual,Ricoh India Yellow Dial (Ref. Unknown) (32mm; Manual),Ricoh,32mm,Manual,Ladies,
shreeshyla-blue-white-dial-ref-665776-37mm-manual,Shreeshyla Blue White Dial (Ref. 665776) (37mm; Manual),Shreeshyla,37mm,Manual,Unisex,
time-retro-by-xlake-ref-unknown-41mm-manual,Time Retro By Xlake (Ref. Unknown) (41mm; Manual),Time,41mm,Manual,Men,
seiko-tv-hi-beat-ref-2206-3080-30mm-automatic,Seiko TV Hi Beat (Ref. 2206-3080) (30mm; Automatic),Seiko,30mm,Automatic,Ladies,
king-seiko-ufo-automatic,King Seiko UFO (Automatic),Seiko,,Automatic,,
seiko-5-tbc-case-mint-ref-7s26-03s0-38mm-automatic,Seiko 5 (Ref. 7S26-03S0) (38mm; Automatic) (Mint),Seiko,38mm,Automatic,Unisex,
rado-white-colt-ref-2543954-36mm-automatic,Rado White Colt (Ref. 625-3139-4) (36mm; Automatic),Rado,36mm,Automatic,Unisex,
rado-starfire-ref-5302-21-40mm-automatic,Rado Starfire (Ref. 5302-21) (40mm; Automatic) (Very Rare),Rado,40mm,Automatic,Men,
titus-day-date-automatic-ref-310103-37mm-automatic,Titus (Ref. 310103) (37mm; Automatic),Titus,37mm,Automatic,Unisex,
rodolphe-by-longines-ref-6069102-32mm-automatic,Rodolphe By Longines (Ref. 6069102) (32mm; Quartz),Rodolphe,32mm,Quartz,Ladies,
seiko-galaxy-jdm-gold-ref-v733-6a50-32mm-quartz,Seiko Galaxy JDM Gold (Ref. V733-6A50) (32mm; Quartz),Seiko,32mm,Quartz,Ladies,
citizen-eagle-7-auto-striped-silver-dial-ref-71-4658-35mm-automatic,Citizen Eagle 7 (Ref. 4-038495 SMG) (35mm; Automatic),Citizen,35mm,Automatic,Unisex,
fortis-spaceleader-ref-371-10-354-38mm-automatic,Fortis Spaceleader (Ref. 371-10-354) (38mm; Automatic),Fortis,38mm,Automatic,Unisex,
seiko-5-weekdater-ref-6119-7130-37mm-automatic,Seiko 5 Weekdater (Ref. 6119-7130) (37mm; Automatic),Seiko,37mm,Automatic,Unisex,
boctok-amphibian-automatic-ref-021496-40mm-automatic,Vostok Amphibian Automatic (Ref. 021496) (40mm; Automatic) (Ultra Rare),Vostok,40mm,Automatic,Men,
citizen-nos-radium-dial-ref-r14252-rc-34mm-automatic,Citizen NOS (Ref. 4-R14252 RC) (34mm; Automatic),Citizen,34mm,Automatic,Unisex,
seiko-lord-matic-ref-5606-8070-35mm-automatic,Seiko Lord Matic (Ref. 5606-8070) (35mm; Automatic),Seiko,35mm,Automatic,Unisex,
luch-green-strap-ref-284-33mm-manual,Luch (Ref. 284) (33mm; Manual),Luch,33mm,Manual,Unisex,
favre-leuba-sea-king-grey-strap-b-ref-61093-30mm-manual,Favre Leuba Sea King (Ref. 61093) (30mm; Manual),Favre Leuba,30mm,Manual,Ladies,
ricoh-crystal-ufo-ref-41423ac-37mm-automatic,Ricoh Crystal UFO (Ref. 41423AC) (37mm; Automatic) (Very Rare; Mint),Ricoh,37mm,Automatic,Unisex,
orient-marble-dial-ufo-ref-6469682-4b-pu-39mm-automatic,Orient Marble Dial UFO (Ref. 6469682-4B PU) (39mm; Automatic) (Very Rare),Orient,39mm,Automatic,Men,
citizen-8200-automatic-ref-r19190-rc-33mm-automatic,Citizen 8200 (Ref. 4-R19190 RC) (33mm; Automatic),Citizen,33mm,Automatic,Unisex,
west-end-sowar-prima-shah-ref-d3152-8531-28mm-manual,West End Sowar Prima Shah (Ref. D3152-8531) (28mm; Manual),West End Watch Co.,28mm,Manual,Ladies,
tissot-ref-t8970-970-34mm-quartz,Tissot (Ref. T8970/970) (34mm; Quartz) (Mint),Tissot,34mm,Quartz,Unisex,
ricoh-sakura-gradient-dial-ref-61355a-37mm-automatic,Ricoh Sakura (Ref. 61355A) (37mm; Automatic),Ricoh,37mm,Automatic,Unisex,
nivada-101-automatic-silver-dial-ref-91555-37mm-automatic,Nivada 101 (Ref. 91555) (37mm; Automatic),Nivada,37mm,Automatic,Unisex,
splendid-tv-dial-ref-unknown-33mm-manual,Splendid TV Dial (Ref. Unknown) (33mm; Manual),Splendid,33mm,Manual,Unisex,
boctok-amphibian-junior-light-blue-dial-ref-493701-b-33mm-manual,Vostok Amphibian Junior (Ref. 493701) (33mm; Manual),Vostok,33mm,Manual,Unisex,
camy-popular-automatic-ref-unknown-38mm-automatic,Camy Popular Automatic (Ref. Unknown) (38mm; Automatic),Camy,38mm,Automatic,Unisex,
boctok-marbled-maroon-dial-ref-337825-32mm-manual,Vostok (Ref. 337825) (32mm; Manual),Vostok,32mm,Manual,Ladies,
favre-leuba-geneve-thinline-ref-81073-34mm-manual,Favre Leuba Geneve Thinline (Ref. 81073) (34mm; Manual),Favre Leuba,34mm,Manual,Unisex,
ist-mayur-brown-gradient-dial-ref-unknown-35mm-manual,IST Mayur (Ref. Unknown) (35mm; Manual),IST,35mm,Manual,Unisex,
enicar-star-jewels-gold-ref-160-09-01-32mm-manual,Enicar Star Jewels (Ref. 160-09-01) (32mm; Manual),Enicar,32mm,Manual,Ladies,
buren-tv-ladies-ref-866613-16mm-manual,Buren TV Ladies (1960's Rare) (Ref. 866613) (16mm; Manual),Buren,16mm,Manual,Ladies,
west-end-sowar-prima-president-diamond-dial-ref-k-5028-5200-37mm-automatic,West End Sowar Prima President  (Ref. K-5028 5200) (37mm; Automatic) (Very Rare; Mint),West End Watch Co.,37mm,Automatic,Unisex,
electrowa-elegance-crystal-ref-11283-34mm-manual,Electrowa Elegance Crystal (Ref. 11283) (34mm; Manual),Electrowa,34mm,Manual,Unisex,
seiko-jdm-quartz-blue-textured-dial-ref-7813-8009-33mm-quartz,Seiko JDM Textured Dial (Ref. 7813-8009) (33mm; Quartz),Seiko,33mm,Quartz,Unisex,
larex-17-jewels-gold-ref-471-31mm-manual,Larex 17 Jewels Gold (Ref. 471) (31mm; Manual),Larex,31mm,Manual,Ladies,
citizen-midas-61-6419-ref-4-651219-y-34mm-automatic,Citizen Midas 61-6419 (Ref. 4-651219-Y) (34mm; Automatic),Citizen,34mm,Automatic,Unisex,
seiko-hi-beat-ethereal-blue-ref-7005-8040-37mm-automatic,Seiko Hi Beat (Ref. 7005-8040) (37mm; Automatic),Seiko,37mm,Automatic,Unisex,
citizen-eagle-7-gold-dial-gn-4-s-ref-4-038835-hst-33mm-automatic,Citizen Eagle 7 (Ref. 4-038835 HST) (33mm; Automatic) (Mint),Citizen,33mm,Automatic,Unisex,
hegde-golay-shreeshyla-brown-dial-ref-666776-31mm-manual,Hegde Golay Shreeshyla (Ref. 666776) (31mm; Manual),Hegde & Golay,31mm,Manual,Ladies,
tressa-ufo-gold-mint-condition-ref-22106-32mm-quartz,Tressa UFO Gold Mint Condition (Ref. 22106) (32mm; Quartz),Tressa,32mm,Quartz,Ladies,
favre-leuba-sea-king-eta-gold-plated-ref-4510-51-30mm-manual,Favre Leuba Sea King ETA Gold Plated (Ref. 4510-51) (30mm; Manual),Favre Leuba,30mm,Manual,Ladies,
jowissa-deluxe-ref-7121-11-42mm-manual,Jowissa Deluxe (Ref. 7121 11) (42mm; Manual),Jowissa,42mm,Manual,Men,
sandoz-automatic-25-jewels-ref-1766-y-94-2-37mm-automatic,Sandoz Automatic 25 Jewels (Ref. 1766-Y-94-2) (37mm; Automatic),Sandoz,37mm,Automatic,Unisex,
delma-of-switzerland-beryllium-eleven-ref-unknown-36mm-automatic,Delma of Switzerland Beryllium Eleven (Ref. N-945280) (36mm; Automatic) (Very Rare),Delma,36mm,Automatic,Unisex,
seiko-xl-symmetrical-ref-66-7100-35mm-manual,Seiko XL (Ref. 66-7100) (35mm; Manual),Seiko,35mm,Manual,Unisex,
timestar-7-nos-ref-1272-32mm-manual,Timestar 7 NOS (Ref. 1272) (32mm; Manual),Timestar,32mm,Manual,Ladies,
favre-leuba-ladies-tv-gold-red-strap-ref-unknown-24mm-manual,Favre Leuba Ladies TV Gold Red Strap (Ref. Unknown) (24mm; Manual),Favre Leuba,24mm,Manual,Ladies,
aetos-geneve-automatic-ref-36500-36mm-automatic,Aetos Geneve (Very Rare) (Ref. 36500) (36mm; Automatic),Aetos,36mm,Automatic,Unisex,
seiko-matic-a-30-jewels-ref-8306-8001-35mm-manual,Seiko Matic-A 30 Jewels (Ref. 8306-8001) (35mm; Manual),Seiko,35mm,Manual,Unisex,
capri-deluxe-ref-unknown-31mm-manual,Capri Deluxe (Ref. Unknown) (31mm; Manual),Capri,31mm,Manual,Ladies,
citizen-jdm-quartz-kanji-dial-ref-t4-213955-32mm-quartz,Citizen JDM Kanji Dial (Ref. T4-213955) (32mm; Quartz),Citizen,32mm,Quartz,Ladies,
omega-geneve-gold-suede-ref-unknown-35mm-manual,Omega Geneve (Ref. Unknown) (35mm; Manual),Omega,35mm,Manual,Unisex,
titoni-airmaster-blue-rp-dial-ref-304-345-35mm-manual,Titoni Airmaster Blue RP Dial (Ref. 304-345) (35mm; Manual),Titoni,35mm,Manual,Unisex,
shreeshyla-purple-dial-ref-unknown-31mm-manual,Shreeshyla (Ref. Unknown) (31mm; Manual),Shreeshyla,31mm,Manual,Ladies,
favre-leuba-sandow-ref-3663-v-29mm-manual,Favre Leuba Sandow (Ref. 3663-3504) (29mm; Manual) (Very Rare),Favre Leuba,29mm,Manual,Ladies,
titoni-airmaster-black-dial-ref-unknown-31mm-manual,Titoni Airmaster Titoflex (Ref. Unknown) (31mm; Manual),Titoni,31mm,Manual,Ladies,
cardinal-ussr-ref-unknown-33mm-manual,Cardinal USSR (Ref. Unknown) (33mm; Manual),Cardinal,33mm,Manual,Unisex,
pagol-swiss-23-jewels-ref-60290-35mm-manual,Pagol Swiss 23 Jewels (Ref. 60290) (35mm; Manual),Pagol,35mm,Manual,Unisex,
titoni-airmaster-mint-gold-ref-305-345-35mm-manual,Titoni Airmaster (Ref. 305-345) (35mm; Manual) (Mint),Titoni,35mm,Manual,Unisex,
favre-leuba-twin-power-gold-ref-4511-51-35mm-manual,Favre Leuba Twin Power Gold (Ref. 4511-51) (35mm; Manual),Favre Leuba,35mm,Manual,Unisex,
oscar-hand-winding-sunburst-green-dial-ref-unknown-35mm-manual,Oscar Hand Winding Sunburst Green Dial (Ref. Unknown) (35mm; Manual),Oscar,35mm,Manual,Unisex,
von-vogel-denmark-ref-unknown-42mm-quartz,Von Vogel Denmark (Ref. Unknown) (42mm; Quartz),Von Vogel ,42mm,Quartz,Men,
slava-26-jewels-ref-207450-37mm-manual,Slava 26 Jewels (Ref. 207450) (37mm; Manual),Slava,37mm,Manual,Unisex,
seiko-actus-gradient-ref-7019-7210-37mm-manual,Seiko Actus Gradient (Ref. 7019-7210) (37mm; Manual),Seiko,37mm,Manual,Unisex,
jayco-nos-white-dial-ref-unknown-36mm-manual,Jayco NOS (Ref. Unknown) (36mm; Manual),Jayco,36mm,Manual,Unisex,
boctok-amphibian-junior-gold-vintage-strap-ref-867111-36mm-manual,Boctok Amphibian Junior Gold Vintage Strap (Ref. 867111) (36mm; Manual),Vostok,36mm,Manual,Unisex,
citizen-automatic-black-dial-ref-4-063511-smk-35mm-automatic,Citizen Automatic Black Dial (Ref. 4-063511 SMK) (35mm; Automatic),Citizen,35mm,Automatic,Unisex,
henri-sandoz-fils-ref-17611y-88-33mm-manual,Henri Sandoz & Fils (Ref. 1761Y-88) (33mm; Manual),Henri Sandoz,33mm,Manual,Unisex,
timestar-apsara-ref-1306-35mm-manual,Timestar Apsara (Ref. 1306) (35mm; Manual) (Mint),Timestar,35mm,Manual,Unisex,
favre-leuba-sea-chief-ref-81073-tl-34mm-manual,Favre Leuba Sea Chief (Ref. 81073 TL) (34mm; Manual),Favre Leuba,34mm,Manual,Unisex,
titoni-spacestar-memomatic-30-jewels-ref-207-345-34mm-automatic,Titoni Spacestar Memomatic 30 Jewels (Ref. 207-345) (34mm; Automatic),Titoni,34mm,Automatic,Unisex,
seiko-hi-beat-ref-66-7100p-37mm-manual,Seiko Hi Beat (Ref. 66-7100P) (37mm; Manual),Seiko,37mm,Manual,Unisex,
sekonda-tv-dial-ref-187384-36mm-manual,Sekonda TV Dial (Ref. 187384) (36mm; Manual),Sekonda,36mm,Manual,Unisex,
hegde-golay-shreeshyla-3d-dial-dual-ref-665776-37mm-automatic,Hegde Golay Shreeshyla 3D Dial (Ref. 665776) (37mm; Automatic),Hegde & Golay,37mm,Automatic,Unisex,
fortis-eden-roc-ref-121-10-44-39mm-automatic,Fortis Eden Roc (Ref. 121-10-44) (39mm; Automatic) (Very Rare),Fortis,39mm,Automatic,Men,
rado-quartz-men-ref-33231292-32mm-quartz,Rado (Ref. 33231292) (32mm; Quartz),Rado,32mm,Quartz,Ladies,
phillipe-moraly-dubai-ref-l0431-39mm-quartz,Philippe Moraly Dubai Homage (Ref. L0431) (39mm; Quartz),Philippe,39mm,Quartz,Men,
citizen-databank-ref-dbc-62-34mm-digital,Citizen Databank (Rare Collectable) (Ref. DBC-62) (34mm; Digital),Citizen,34mm,Digital,Unisex,
jayco-nos-yellow-dial-ref-unknown-31mm-manual,Jayco NOS (Ref. Unknown) (31mm; Manual),Jayco,31mm,Manual,Ladies,
seiko-5-checkered-dial-ref-7009-3131-35mm-automatic,Seiko 5 Checkered Dial (Ref. 7009-3131) (35mm; Automatic),Seiko,35mm,Automatic,Unisex,
west-end-sowar-prima-president-diamond-dial-ref-k-5028-5200-36mm-automatic,West End Sowar Prima President Diamond Dial (Ref. K-5028 5200) (36mm; Automatic),West End Watch Co.,36mm,Automatic,Unisex,
favre-leuba-sandow-ref-3663-3504-30mm-manual,Favre Leuba Sandow (Ref. 3663 3504) (30mm; Manual),Favre Leuba,30mm,Manual,Ladies,
seiko-diamatic-19-jewels-ref-7006-6020-40mm-automatic,Seiko Diamatic Hi-Beat (Ref. 7006-6020) (40mm; Automatic) (Rare),Seiko,40mm,Automatic,Men,
mondia-mg-automatic-ref-vj-702-9-39mm-automatic,Mondia MG (Ref. VJ-702-9) (39mm; Automatic),Mondia,39mm,Automatic,Men,
ricoh-crystal-xl-brown-gradient-dial-ref-061451-38mm-automatic,Ricoh Crystal XL (Ref. 061451) (38mm; Automatic),Ricoh,38mm,Automatic,Unisex,
selecta-deluxe-ref-unknown-37mm-manual,Selecta Deluxe (Ref. Unknown) (37mm; Manual),Selecta,37mm,Manual,Unisex,
poebeda-victory-rare-logo-silver-dial-ref-408642-38mm-manual,Poebeda Victory (Ref. 408642) (38mm; Manual) (Rare; Logo Dial),Poebeda,38mm,Manual,Unisex,
timex-expedition-ref-u9-mf12-u0-37mm-digital,Timex Expedition (Ref. U9 MF12-U0) (37mm; Digital),Timex,37mm,Digital,Unisex,
timex-expedition-ref-n2-39mm-digital,Timex Expedition (Ref. N2) (39mm; Digital),Timex,39mm,Digital,Men,
citizen-helmet-jdm-ref-61-0135-40mm-automatic,Citizen Helmet JDM (Ref. 4-651251-K) (40mm; Automatic),Citizen,40mm,Automatic,Men,
seiko-5-railway-time-jdm-tbc-ref-7s26-02n0-36mm-automatic,Seiko 5 Railway Time JDM TBC (Ref. 7S26-02N0) (36mm; Automatic) (Very Rare),Seiko,36mm,Automatic,Unisex,
anglo-swiss-tiny-blue-gold-ref-unknown-23mm-manual,Anglo Swiss Tiny (Ref. Unknown) (23mm; Manual),Anglo Swiss,23mm,Manual,Ladies,
citizen-newmaster-22-silver-dial-ref-63-4018-35mm-manual,Citizen Newmaster 22 (Ref. 63-4018) (35mm; Manual),Citizen,35mm,Manual,Unisex,
seiko-superior-radium-dial-ref-7s36-0030-37mm-automatic,Seiko 5 Superior (Ref. 7S36-0030 A4) (37mm; Automatic),Seiko,37mm,Automatic,Unisex,
doxa-grafic-ref-10408-5-31mm-manual,Doxa Grafic (Ref. 10408-5) (31mm; Manual) (Very Rare),Doxa,31mm,Manual,Ladies,
vostok-komandirskie-vintage-bracelet-ref-042394-39mm-automatic,Vostok Komandirskie (Ref. 042394) (39mm; Automatic),Vostok,39mm,Automatic,Men,
citizen-eagle-7-auto-geometric-dial-6n-4-s-ref-4-824083-mst-35mm-automatic,Citizen Eagle 7 Auto Geometric Dial (Mint) 6N-4-S (Ref. 4-824083 MST) (35mm; Automatic),Citizen,35mm,Automatic,Unisex,
ricoh-crystal-ufo-gradient-blue-dial-ref-unknown-37mm-automatic,Ricoh Crystal UFO Gradient Blue Dial (Ref. Unknown) (37mm; Automatic),Ricoh,37mm,Automatic,Unisex,
casio-illuminator-ref-ws-300-2329-42mm-digital,Casio Illuminator (Ref. WS-300 2329) (42mm; Digital),Casio,42mm,Digital,Men,
favre-leuba-ladies-stone-dial-ref-1004-42-20mm-manual,Favre Leuba Ladies Stone Dial (Ref. 1004-42) (20mm; Manual),Favre Leuba,20mm,Manual,Ladies,
ricoh-crystal-railway-time-ref-061773-36mm-automatic,Ricoh Crystal Railway Time (Ref. 061773) (36mm; Automatic),Ricoh,36mm,Automatic,Unisex,
citizen-jdm-automatic-71-0920-ref-4-062019-smt-35mm-automatic,Citizen JDM Automatic 71-0920 (Ref. 4-062019 SMT) (35mm; Automatic),Citizen,35mm,Automatic,Unisex,
citizen-eagle-7-auto-71-2299-ref-4-063228-smi-36mm-automatic,Citizen Eagle 7 Auto 71-2299 (Ref. 4-063228 SMI) (36mm; Automatic),Citizen,36mm,Automatic,Unisex,
citizen-newmaster-22-gradient-blue-dial-ref-8100439-36mm-automatic,Citizen Newmaster 22 (Ref. 8100439) (36mm; Automatic),Citizen,36mm,Automatic,Unisex,
seiko-5-railway-time-ref-7009-3161-a2-36mm-automatic,Seiko 5 Railway Time (Ref. 7009-3161 A2) (36mm; Automatic),Seiko,36mm,Automatic,Unisex,
seiko-5-ref-6349-548a-35mm-automatic,Seiko 5 (Ref. 6349-548A) (35mm; Automatic),Seiko,35mm,Automatic,Unisex,
poljot-ufo-bundt-strap-17-jewels-ref-unknown-42mm-manual,Poljot UFO Bundt Strap 17 Jewels (Ref. Unknown) (42mm; Manual),Poljot,42mm,Manual,Men,
titus-matic-very-rare-ref-7055-38mm-automatic,Titus Matic Very Rare (Ref. 7055) (38mm; Automatic),Titus,38mm,Automatic,Unisex,
ricoh-india-nos-gold-ref-unknown-32mm-manual,Ricoh India NOS Gold (Ref. Unknown) (32mm; Manual),Ricoh,32mm,Manual,Ladies,
caravelle-ref-m3-33mm-manual,Caravelle (Ref. M3) (33mm; Manual),Caravelle,33mm,Manual,Unisex,
odm-diplomatic-ref-861105-37mm-quartz,ODM Diplomatic (Ref. 861105) (37mm; Quartz),ODM,37mm,Quartz,Unisex,
yema-rallygraf-cobra-ref-ym447-39mm-digital,Yema Rallygraf Cobra (Ref. YM447) (39mm; Digital),Yema,39mm,Digital,Men,
hegde-golay-shreeshyla-blue-gold-ref-665776-37mm-automatic,Hegde Golay Shreeshyla Blue Gold (Ref. 665776) (37mm; Automatic),Hegde & Golay,37mm,Automatic,Unisex,
west-end-sowar-prima-nos-ref-03-4457-10-36mm-automatic,West End Sowar Prima NOS (Ref. 03 4457 10) (36mm; Automatic),West End Watch Co.,36mm,Automatic,Unisex,
seiko-5-ref-6349-548a,Seiko 5 (Ref. 6349 548A),Seiko,,,,
favre-leuba-ref-12206,Favre Leuba (Ref. 12206),Favre Leuba,,,,
shreeshyla-by-hegde-goyle-ref-665776,Shreeshyla by Hegde & Goyle (Ref. 665776),Hegde & Golay,,,,
seiko-jdm-ref-7n00-6a70,Seiko JDM (Ref. 7N00-6A70),Seiko,,,,
anglo-swiss-tiny-ref-unknown-23mm-x-26mm-quartz,Anglo Swiss Tiny (Ref. Unknown) (23mm x 26mm; Quartz),Anglo Swiss,,Quartz,,
titan-ref-847yca-28mm-manual,Titan (Ref. 847YCA) (28mm; Manual),Titan,28mm,Manual,Ladies,
leather-watch-strap-premium,Leather Watch Strap (Premium),Leather,,,,
leather-watch-strap,Leather Watch Strap,Leather,,,,
raketa-star-wars-rare-ref-540,Raketa Star Wars (Rare) (Ref. 540),Raketa,,,,
seiko-bellmatic-ref-4006-7012-38mm-automatic,Seiko BellMatic Gold (Ref. 4006-7012) (38mm; Automatic),Seiko,38mm,Automatic,Unisex,
omega-trench-manual,Omega Trench (Manual),Omega,,Manual,,
titoni-airmaster-brown-ref-303-345-nanmm-nan,Titoni Airmaster Brown (Ref. 303-345) (nanmm; Nan),Titoni,,,,
allwyn-calender-ref-none-36mm-automatic,Allwyn Calender (Ref. Unknown) (36mm; Automatic),Allwyn,36mm,Automatic,Unisex,
hegde-golay-shreeshyla-3d-dial-dual-ref-665776-34mm-manual,Hegde Golay Shreeshyla 3D Dial Dual (Ref. 665776) (34mm; Manual),Hegde & Golay,34mm,Manual,Unisex,
seiko-5-super-rare-sg-ref-6119-7500-38mm-automatic,Seiko 5 Super Rare SG (Ref. 6119-7500) (38mm; Automatic),Seiko,38mm,Automatic,Unisex,
lanco-automatic-shah-ref-35605-37mm-automatic,Lanco Automatic Shah (Ref. 35605) (37mm; Automatic),Lanco,37mm,Automatic,Unisex,
enicar-ultra-sonic-shah-ref-100-92-ks-33mm-manual,Enicar Ultra Sonic Shah (Ref. 100-92-ks) (33mm; Manual),Enicar,33mm,Manual,Unisex,
seiko-square-blue-dual-colour-ref-6309-5280-a-35mm-automatic,Seiko Square Blue Dual Colour (Ref. 6309-5280 A) (35mm; Automatic),Seiko,35mm,Automatic,Unisex,
rado-convoy-20-ref-2004366-37mm-automatic,Rado Convoy 20 (Ref. 2004366) (37mm; Automatic),Rado,37mm,Automatic,Unisex,
favre-leuba-duomatic-3d-dial-ref-75043-36mm-automatic,Favre Leuba Duomatic 3D Dial (Ref. 75043) (36mm; Automatic),Favre Leuba,36mm,Automatic,Unisex,
tissot-classic-dream-ref-t033410b-38mm-quartz,Tissot Classic Dream (Ref. T033410B) (38mm; Quartz),Tissot,38mm,Quartz,Unisex,
henri-sandoz-subsecond-ref-3205-33mm-manual,Henri Sandoz Subsecond (Rare) (Ref. 3205) (33mm; Manual),Henri Sandoz,33mm,Manual,Unisex,
pulsar-pj6017-ref-0d0410-37mm-quartz,Pulsar PJ6017 (Ref. 0D0410) (37mm; Quartz),Pulsar,37mm,Quartz,Unisex,
tressa-subsecond-ref-140-33mm-manual,Tressa Subsecond (Ref. 140) (33mm; Manual),Tressa,33mm,Manual,Unisex,
henri-sandoz-black-dial-ref-11789y-88-34mm-manual,Henri Sandoz Black Dial (Ref. 11789Y-88) (34mm; Manual),Henri Sandoz,34mm,Manual,Unisex,
technos-automatic-ref-10565-33mm-automatic,Technos Automatic (Ref. 10565) (33mm; Automatic),Technos,33mm,Automatic,Unisex,
favre-leuba-duomatic-ref-75013-a-ref-none-37mm-automatic,Favre Leuba Duomatic (Ref. 75013 A) (37mm; Automatic),Favre Leuba,37mm,Automatic,Unisex,
mondia-golden-horse-ref-unknown-35mm-manual,Mondia Golden Horse (Ref. Unknown) (35mm; Manual),Mondia,35mm,Manual,Unisex,
nino-automatic-diamond-dial-ref-n11-36mm-automatic,Nino Automatic Diamond Dial (Ref. N11) (36mm; Automatic),Nino,36mm,Automatic,Unisex,
hegde-golay-shreeshyla-brown-dial-ref-665776-37mm-manual,Hegde Golay Shreeshyla Brown Dial (Ref. 665776) (37mm; Manual),Hegde & Golay,37mm,Manual,Unisex,
titus-ss-ref-unknown-31mm-manual,Titus SS (Ref. Unknown) (31mm; Manual),Titus,31mm,Manual,Ladies,
roamer-anfibiomatic-round-ref-mod-204-34mm-automatic,Roamer AnfibioMatic (Very Rare) (Ref. MOD 204) (34mm; Automatic),Roamer,34mm,Automatic,Unisex,
gruen-ladies-automatic-ref-unknown-23mm-automatic,Gruen Ladies Automatic (Ref. Unknown) (23mm; Automatic),Gruen,23mm,Automatic,Ladies,
lord-windsor-mystery-dial-ref-unknown-33mm-manual,Lord Windsor Mystery Dial (Ref. Unknown) (33mm; Manual),Lord Windsor,33mm,Manual,Unisex,
anglo-swiss-cavalry-ref-18444-28mm-automatic,Anglo Swiss Cavalry SH (Ref. 18444) (28mm; Automatic),Anglo Swiss,28mm,Automatic,Ladies,
titoni-airmaster-brown-ref-813-316-31mm-manual,Titoni Airmaster Brown (Ref. 813-316) (31mm; Manual),Titoni,31mm,Manual,Ladies,
ricoh-crystal-tv-ref-611105-34mm-automatic,Ricoh Crystal TV (Ref. 611105) (34mm; Automatic),Ricoh,34mm,Automatic,Unisex,
hansa-datomatic-ref-158-777-35mm-automatic,Hansa Datomatic (Ref. 158-777) (35mm; Automatic),Hansa,35mm,Automatic,Unisex,
henri-sandoz-winding-ref-1761y-88-33mm-manual,Henri Sandoz (Ref. 1761Y-88) (33mm; Manual),Henri Sandoz,33mm,Manual,Unisex,
sandoz-subsecond-diamond-dial-ref-unknown-34mm-manual,Sandoz Subsecond Diamond Dial (Ref. Unknown) (34mm; Manual),Sandoz,34mm,Manual,Unisex,
citizen-teal-ref-4-80470smk-37mm-manual,Citizen Teal (Ref. 4-80470SMK) (37mm; Manual),Citizen,37mm,Manual,Unisex,
henri-sandoz-auto-maroon-dial-ref-1797x-99-2-33mm-automatic,Henri Sandoz (Very Rare) (Ref. 1797X-99-2) (33mm; Automatic),Henri Sandoz,33mm,Automatic,Unisex,
seiko-perpetual-calender-titanium-ref-8f32-0049-39mm-quartz,Seiko Perpetual Calender Titanium (Rare) (Ref. 8F32-0049) (39mm; Quartz),Seiko,39mm,Quartz,Men,
west-end-sowar-prima-ref-s4744-4237-34mm-automatic,West End Sowar Prima (Ref. S4744 4237) (34mm; Automatic),West End Watch Co.,34mm,Automatic,Unisex,
roamer-stingray-brevette-305467-305776-ref-none-34mm-automatic,Roamer Stingray Brevette (Extremely Rare; Mint Condition) (Ref. 305467-305776) (34mm; Automatic),Roamer,34mm,Automatic,Unisex,
truway-swiss-winding-ref-unknown-34mm-manual,Truway Swiss (Ref. Unknown) (34mm; Manual),Truway,34mm,Manual,Unisex,
seiko-rare-blue-sunburst-ref-6309-8840-36mm-automatic,Seiko (Ref. 6309-8840) (36mm; Automatic),Seiko,36mm,Automatic,Unisex,
boctok-amphibian-junior-ref-507912-34mm-manual,Vostok Amphibian Junior (Ref. 507912) (34mm; Manual),Vostok,34mm,Manual,Unisex,
ist-mayur-rare-green-ref-unknown-35mm-manual,IST Mayur (Rare) (Ref. Unknown) (35mm; Manual),IST,35mm,Manual,Unisex,
poebeda-victory-marble-dial-ref-161837-ref-none-34mm-manual,Poebeda Victory Marble Dial (Ref. 161837) (34mm; Manual),Poebeda,34mm,Manual,Unisex,
orignal-hong-kong-ref-unknown-36mm-manual,Orignal Hong Kong (Ref. Unknown) (36mm; Manual),Hong Kong,36mm,Manual,Unisex,
eloga-flipper-ref-unknown-37mm-manual,Eloga (by Fortis) Flipper (Very Rare) (Ref. Unknown) (37mm; Manual),Eloga,37mm,Manual,Unisex,
mido-multifort-ref-unknown-28mm-manual,Mido Multifort (Ref. Unknown) (28mm; Manual),Mido,28mm,Manual,Ladies,
orfina-ladies-10-micron-gold-plates-ref-unknown-18mm-manual,Orfina Ladies 10 Micron Gold Plated (Ref. Unknown) (18mm; Manual),Orfina,18mm,Manual,Ladies,
diantus-gold-winding-ref-2292-35mm-manual,Diantus (Ref. 2292) (35mm; Manual),Diantus,35mm,Manual,Unisex,
omax-tv-ref-unknown-35mm-automatic,Omax TV (Ref. Unknown) (35mm; Automatic),Omax,35mm,Automatic,Unisex,
buccini-golfer-ref-unknown-35mm-manual,Buccini Golfer (Ref. Unknown) (35mm; Manual),Buccino,35mm,Manual,Unisex,
west-end-primo-ref-08038-32mm-manual,West End Watch Co. Primo (Ref. 08038) (32mm; Manual),West End Watch Co.,32mm,Manual,Ladies,
sandoz-orange-strap-ref-1736y-50-31mm-manual,Sandoz (Ref. 1736Y/50) (31mm; Manual),Sandoz,31mm,Manual,Ladies,
west-en-sowar-prima-green-strap-ref-7443-546-28mm-manual,West End Watch Co. Sowar Prima (Ref. 7443) (28mm; Manual),West End Watch Co.,28mm,Manual,Ladies,
repco-ladies-10-micron-plated-ref-22137-31-22mm-manual,Repco Ladies 10 Micron Plated (Ref. 22137-31) (22mm; Manual),Repco,22mm,Manual,Ladies,
poljot-23-jewels-auto-ref-2616-2h-37mm-automatic,Poljot 23 Jewels Auto (Ref. 2616.2H) (37mm; Automatic),Poljot,37mm,Automatic,Unisex,
ricoh-medallian-president-diamond-dial-ref-061951-35mm-automatic,Ricoh Medallian President Diamond Dial (Ref. 061951) (35mm; Automatic),Ricoh,35mm,Automatic,Unisex,
yema-automatic-ref-838942-38mm-automatic,Yema (Very Rare) (Ref. 838942) (38mm; Automatic),Yema,38mm,Automatic,Unisex,
lanco-oval-blue-dial-ref-ww0941-35mm-manual,Lanco (Rare) (Ref. WW0941) (35mm; Manual),Lanco,35mm,Manual,Unisex,
seiko-ladies-sea-lion-10-micron-gold-oplated-ref-2517-0350-25mm-automatic,Seiko Ladies Sea Lion 10 Micron Gold Plated (Ref. 2517-0350) (25mm; Automatic),Seiko,25mm,Automatic,Ladies,
nivada-compensamatic-ref-67121-39mm-automatic,Nivada Compensamatic (Very Rare) (Ref. 67121) (39mm; Automatic),Nivada,39mm,Automatic,Men,
eloga-by-fortis-ref-6000-33mm-automatic,Eloga By Fortis (Ref. 6000) (33mm; Automatic),Eloga,33mm,Automatic,Unisex,
ginsbo-ref-2250-718650-32mm-manual,Ginsbo (Very Rare) (Ref. 2250-718650) (32mm; Manual),Ginsbo,32mm,Manual,Ladies,
waltham-silver-dial-ref-unknown-33mm-manual,Waltham (Ref. Unknown) (33mm; Manual),Waltham,33mm,Manual,Unisex,
damas-braille-ref-511029-33mm-manual,Damas Braille (Rare) (Ref. 511029) (33mm; Manual),Damas,33mm,Manual,Unisex,
favre-leuba-duomatic-xxl-white-dial-mint-ref-none-35mm-automatic,Favre Leuba Duomatic XL (Mint Condition) (Ref. Unknown) (35mm; Automatic),Favre Leuba,35mm,Automatic,Unisex,
rado-5004f-convoy-ref-603-7967-4-34mm-automatic,Rado 5004F Convoy (Ref. 603.7967.4) (34mm; Automatic),Rado,34mm,Automatic,Unisex,
raketa-copernicus-extremely-rare-ref-085,Raketa Copernicus (Extremely Rare) (Ref. 085),Raketa,,,,
omega-seamaster-de-ville-black-34mm-automatic,Omega Seamaster De Ville Black [34mm] (Automatic),Omega,34mm,Automatic,Unisex,
citizen-v2-blue,Citizen V2 Blue,Citizen,,,,
citizen-v2-brown-ref-4-182391hm,Citizen V2 Brown (Ref. 4-182391HM),Citizen,,,,
rado-starfire-ref-3709668,Rado Princess (Ref. Unknown),Rado,,,,
fuji-signal-ref-54112,Fuji Signal (Ref. 54112),Fuji,,,,
timestar-ref-1273,Timestar (Ref. 1272),Timestar,,,,
poljot-ref-857,Poljot (Ref. 857),Poljot,,,,
poljot-automatic-ref-681843,Poljot Automatic (Ref. 681843),Poljot,,Automatic,,
seiko-5-railway-time-tv-dial-ref-4216-503a,Seiko 5 Railway Time TV Dial (Ref. 4216-503A),Seiko,,,,
seiko-5-railway-time-tv-dial-ref-6309-523a,Seiko 5 Railway Time TV Dial (Ref. 6309-523A),Seiko,,,,
seiko-5-helmet-ref-6319-7010,Seiko 5 Helmet (Ref. 6319-7010),Seiko,,,,
orient-marble-dial-ref-g469682-4b-pu,Orient Marble Dial (Ref. G469682-4B PU),Orient,,,,
swiss-india-watch-co-chronometer-ref-unknown,Swiss India Watch Co. Chronometer (Ref. Unknown),Swiss,,,,
timestar-ref-1272,Timestar (Ref. 1272),Timestar,,,,
louis-erard-maseena-ref-74239aa71-bva103-43mm-automatic,Louis Erard Maseena (Ref. 74239AA71.BVA103) (43mm; Automatic),Louis Erard,43mm,Automatic,Men,
louis-erard-konstantin-chaykin-ref-unknown-41mm-automatic,Louis Erard Konstantin Chaykin (Ref. Unknown) (41mm; Automatic),Louis Erard,41mm,Automatic,Men,
nomos-glashutte-autobahn-neomatik-41-date-midnight-blue-ref-1302-41mm-automatic,Nomos Glashutte Autobahn Neomatik 41 Date Midnight Blue (Ref. 1302) (41mm; Automatic),Nomos,41mm,Automatic,Men,
poljot-automatic-ref-681843-43mm-manual,Poljot Automatic (Ref. 681843) (43mm; Manual),Poljot,43mm,Manual,Men,
rado-starfire-ref-5302t-41mm-automatic,Rado Starfire (Ref. 5302T) (41mm; Automatic),Rado,41mm,Automatic,Men,
west-end-sowar-ref-d3152-31mm-manual,West End Sowar (Ref. D3152) (31mm; Manual),West End Watch Co.,31mm,Manual,Ladies,
seiko-helmet-ref-6319-7010-40mm-automatic,Seiko Helmet (Ref. 6319-7010) (40mm; Automatic),Seiko,40mm,Automatic,Men,
lanco-ref-35605-39mm-automatic,Lanco (Ref. 35605) (39mm; Automatic),Lanco,39mm,Automatic,Men,
roamer-gold-ref-689-1987-24-37mm-automatic,Roamer Gold (Ref. 689 1987 24) (37mm; Automatic),Roamer,37mm,Automatic,Unisex,
titoni-ref-303-305-33mm-manual,Titoni (Ref. 303-305) (33mm; Manual),Titoni,33mm,Manual,Unisex,
enicar-ultrasonic-1960s-ref-100-92-aks-36mm-manual,Enicar Ultrasonic 1960s (Ref. 100/92 aKS) (36mm; Manual),Enicar,36mm,Manual,Unisex,
fuji-signal-ref-54112-39mm-automatic,Fuji Signal (Ref. 54112) (39mm; Automatic),Fuji,39mm,Automatic,Men,
rado-convoy-ref-2004366-38mm-automatic,Rado Convoy (Ref. 2004366) (38mm; Automatic),Rado,38mm,Automatic,Unisex,
titoni-airmaster-ref-305-345-37mm-manual,Titoni Airmaster (Ref. 305-345) (37mm; Manual),Titoni,37mm,Manual,Unisex,
seiko-actus-gradient-ref-7019-7210-37mm-automatic,Seiko Actus Gradient (Ref. 7019-7210) (37mm; Automatic),Seiko,37mm,Automatic,Unisex,
vostok-destroyer-anchor-ref-507912-38mm-manual,Vostok Destroyer Anchor (Ref. 507912) (38mm; Manual),Vostok,38mm,Manual,Unisex,
mido-multifort-ref-385509-31mm-manual,Mido Multifort (Ref. 385509) (31mm; Manual),Mido,31mm,Manual,Ladies,
buccino-golfer-ref-unknown-37mm-manual,Buccino Golfer (Ref. Unknown) (37mm; Manual),Buccino,37mm,Manual,Unisex,
truway-ref-unknown-35mm-manual,Truway (Ref. Unknown) (35mm; Manual),Truway,35mm,Manual,Unisex,
diantus-ref-2292-37mm-manual,Diantus (Ref. 2292) (37mm; Manual),Diantus,37mm,Manual,Unisex,
henri-sandoz-black-ref-11789y-88-38mm-manual,Henri Sandoz Black (Ref. 11789Y-88) (38mm; Manual),Henri Sandoz,38mm,Manual,Unisex,
omax-tv-dial-ref-unknown-38mm-automatic,Omax TV Dial (Ref. Unknown) (38mm; Automatic),Omax,38mm,Automatic,Unisex,
tressa-sub-second-ref-140-35mm-manual,Tressa Sub Second (Ref. 140) (35mm; Manual),Tressa,35mm,Manual,Unisex,
henri-sandoz-sub-second-ref-3205-36mm-manual,Henri Sandoz Sub Second (Ref. 3205) (36mm; Manual),Henri Sandoz,36mm,Manual,Unisex,
west-end-watch-co-sowar-gold-ref-h-4890-4467-34mm-manual,West End Watch Co. Sowar Gold (Ref. H 4890 4467) (34mm; Manual),West End Watch Co.,34mm,Manual,Unisex,
tag-heuer-aqua-racer-ref-unknown-41mm-automatic,Tag Heuer Aqua Racer (Ref. Unknown) (41mm; Automatic),Tag Heuer,41mm,Automatic,Men,
tag-heuer-professional-ref-unknown-41mm-automatic,Tag Heuer Professional (Ref. Unknown) (41mm; Quartz),Tag Heuer,41mm,Quartz,Men,
citizen-eagle-7-ref-4-s81659hsb-38mm-automatic,Citizen Eagle 7 (Ref. 4-S81659HSB) (38mm; Automatic),Citizen,38mm,Automatic,Unisex,
vostok-amphibian-ref-unknown-43mm-manual,Vostok Amphibian (Ref. Unknown) (43mm; Manual),Vostok,43mm,Manual,Men,
sandoz-art-deco-ref-1797x-79-2-38mm-manual,Sandoz Art Deco (Ref. 1797X-79-2) (38mm; Manual),Sandoz,38mm,Manual,Unisex,
ricoh-railway-time-ref-061852-37mm-automatic,Ricoh Railway Time (Ref. 061852) (37mm; Automatic),Ricoh,37mm,Automatic,Unisex,
capri-de-luxe-ref-unknown-34mm-manual,Capri De Luxe (Ref. Unknown) (34mm; Manual),Capri,34mm,Manual,Unisex,
allwyn-ref-a6319-36mm-automatic,Allwyn (Ref. A6319) (36mm; Automatic),Allwyn,36mm,Automatic,Unisex,
ricoh-sakura-ref-031365a-38mm-automatic,Ricoh Sakura (Ref. 031365A) (38mm; Automatic),Ricoh,38mm,Automatic,Unisex,
bucherer-ref-955-742-36mm-quartz,Bucherer (Ref. 955.742) (36mm; Quartz),Bucherer,36mm,Quartz,Unisex,
poebeda-ref-900057-40mm-manual,Poebeda (Ref. 900057) (40mm; Manual),Poebeda,40mm,Manual,Men,
west-end-sowar-prima-rare-ref-08971-32mm-manual,West End Sowar Prima Rare (Ref. 08971) (32mm; Manual),West End Watch Co.,32mm,Manual,Ladies,
nino-crystal-ref-n-325-34mm-manual,Nino Crystal (Ref. N-325) (34mm; Manual),Nino,34mm,Manual,Unisex,
seiko-ref-11-5149-19mm-manual,Seiko (Ref. 11-5149) (19mm; Manual),Seiko,19mm,Manual,Ladies,
poljot-automatic-ref-unknown-39mm-automatic,Poljot Automatic (Ref. Unknown) (39mm; Automatic),Poljot,39mm,Automatic,Men,
west-end-watch-co-sowar-ref-k-6742-33mm-quartz,West End Watch Co. Sowar (Ref. K.6742) (33mm; Quartz),West End Watch Co.,33mm,Quartz,Unisex,
vostok-amphibian-ref-617366-43mm-manual,Vostok Amphibian (Ref. 617366) (43mm; Manual),Vostok,43mm,Manual,Men,
bulova-ambassador-micro-rotor-ref-12e8aco-37mm-automatic,Bulova Ambassador Micro Rotor (Ref. 12E8ACO) (37mm; Automatic),Bulova,37mm,Automatic,Unisex,
seiko-hi-beat-ref-66-7100-p-38mm-automatic,Seiko Hi Beat (Ref. 66-7100-P) (38mm; Automatic),Seiko,38mm,Automatic,Unisex,
favre-leuba-sandow-alresisit-ref-3663-v-32mm-manual,Favre Leuba Sandow Alresisit (Ref. 3663-V) (32mm; Manual),Favre Leuba,32mm,Manual,Ladies,
allwyn-quartz-arabic-very-rare-nos-2-ref-v2588-8040-36mm-quartz,Allwyn Quartz Arabic Very Rare NOS 2 (Ref. V2588-8040) (36mm; Quartz),Allwyn,36mm,Quartz,Unisex,
allwyn-quartz-black-very-rare-nos-2-ref-v2588-8040-36mm-quartz,Allwyn Quartz Black Very Rare NOS 2 (Ref. V2588-8040) (36mm; Quartz),Allwyn,36mm,Quartz,Unisex,
seiko-lassale-ref-7750-51oh-27mm-quartz,Seiko Lassale (Ref. 7750-51OH) (27mm; Quartz),Seiko,27mm,Quartz,Ladies,
seiko-5-superior-rare-ref-811574-38mm-automatic,Seiko 5 Superior Rare (Ref. 811574) (38mm; Automatic),Seiko,38mm,Automatic,Unisex,
ricoh-crown-very-rare-ref-061730ac-39mm-automatic,Ricoh Crown Very Rare (Ref. 061730AC) (39mm; Automatic),Ricoh,39mm,Automatic,Men,
citizen-crystron-jdm-ref-4-853466-ta-35mm-quartz,Citizen Crystron JDM (Ref. 4-853466 TA) (35mm; Quartz),Citizen,35mm,Quartz,Unisex,
favre-leuba-datic-ref-62163-38mm-manual,Favre Leuba Datic (Ref. 62163) (38mm; Manual),Favre Leuba,38mm,Manual,Unisex,
titoni-airmaster-ref-813-315-34mm-manual,Titoni Airmaster (Ref. 813-315) (34mm; Manual),Titoni,34mm,Manual,Unisex,
raketa-cushion-ref-110921-37mm-manual,Raketa Cushion (Ref. 110921) (37mm; Manual),Raketa,37mm,Manual,Unisex,
favre-leuba-sea-king-xl-ref-20023-42-37mm-manual,Favre Leuba Sea King XL (Ref. 20023-42) (37mm; Manual),Favre Leuba,37mm,Manual,Unisex,
q-and-q-ref-unknown-31mm-manual,Q&Q (Ref. Unknown) (31mm; Manual),Q&Q,31mm,Manual,Ladies,
oscar-ref-unknown-38mm-manual,Oscar (Ref. Unknown) (38mm; Manual),Oscar,38mm,Manual,Unisex,
seiko-jdm-ref-5y39-7010-32mm-quartz,Seiko JDM (Ref. 5Y39-7010) (32mm; Quartz),Seiko,32mm,Quartz,Ladies,
anglo-swiss-cavalry-ref-18608-15-34mm-manual,Anglo Swiss Cavalry (Ref. 18608-15) (34mm; Manual),Anglo Swiss,34mm,Manual,Unisex,
rotary-slim-ref-unknown-35mm-manual,Rotary Slim (Ref. Unknown) (35mm; Manual),Rotary,35mm,Manual,Unisex,
citizen-ref-4-821149y-38mm-automatic,Citizen (Ref. 4-821149Y) (38mm; Automatic),Citizen,38mm,Automatic,Unisex,
henri-sandoz-ref-1761y-88-35mm-manual,Henri Sandoz (Ref. 1761Y-88) (35mm; Manual),Henri Sandoz,35mm,Manual,Unisex,
longines-ref-l4-636-2-35mm-quartz,Longines (Ref. L4.636.2) (35mm; Quartz),Longines,35mm,Quartz,Unisex,
seiko-quartz-ref-8620-5049-28mm-quartz,Seiko Quartz (Ref. 8620 5049) (28mm; Quartz),Seiko,28mm,Quartz,Ladies,
seiko-quartz-jdm-ref-5y39-8020-34mm-quartz,Seiko Quartz JDM (Ref. 5Y39-8020) (34mm; Quartz),Seiko,34mm,Quartz,Unisex,
titus-crown-ref-8810-37mm-manual,Titus Crown (Ref. 8810) (37mm; Manual),Titus,37mm,Manual,Unisex,
tissot-visodate-camping-gold-ref-unknown-36mm-manual,Tissot Visodate Camping Gold (Ref. Unknown) (36mm; Manual),Tissot,36mm,Manual,Unisex,
seiko-quartz-ref-6530-6060-32mm-quartz,Seiko Quartz (Ref. 6530-6060) (32mm; Quartz),Seiko,32mm,Quartz,Ladies,
universal-geneve-ref-211501-1-37mm-manual,Universal Geneve (Ref. 211501-1) (37mm; Manual),Universal Geneve,37mm,Manual,Unisex,
hegde-and-goyle-shreeshyla-ref-665776-39mm-manual,Hegde & Goyle Shreeshyla (Ref. 665776) (39mm; Manual),Hegde & Golay,39mm,Manual,Men,
orient-mother-of-pearl-ref-f469130a-6a-37mm-automatic,Orient Mother of Pearl (Ref. F469130A-6A) (37mm; Automatic),Orient,37mm,Automatic,Unisex,
bulova-ambassador-ref-unknown,Bulova Ambassador (Ref. Unknown),Bulova,,,,
mathey-tissot-ref-51278,Mathey Tissot (Ref. 51278),Mathey-Tissot,,,,
seiko-presage-limited-edition-no-363-500-ref-spb449j1,Seiko Presage Limited Edition (No. 363/500) (Ref. SPB449J1),Seiko,,,,
technos-ref-t3e3737,Technos Kaiser (Ref. T3E3737),Technos,,,,
vostok-komandirskie-flag-43mm-manual,Vostok Komandirskie Flag (43mm; Manual),Vostok,43mm,Manual,Men,
raketa-ref-110921,Raketa (Ref. 110921),Raketa,,,,
sandoz-art-deco-ref-1797x-79-2,Sandoz Art Deco (Ref. 1797X-79-2),Sandoz,,,,
copy-citizen-eagle-gold-ref-4-s81659-automatic,Citizen Eagle Gold (Ref. 4-S81659; Automatic),Citizen,,Automatic,,
raketa-big-zero-ref-435831-37mm-manual,Raketa Big Zero (Ref. 435831) (37mm; Manual),Raketa,37mm,Manual,Unisex,
vostok-komandirskie-flag-amphibian-ref-211038-43mm-manual,Tag Heuer AquaRacer (Ref. EBD3888),Tag Heuer,,,,
vostok-komandirskie-ref-469489-43mm-manual,Vostok Komandirskie (Ref. 469489) (43mm; Manual),Vostok,43mm,Manual,Men,
vostok-komandirskie-amphibian-commander-ref-unknown-43mm-manual,Vostok Komandirskie Amphibian Commander (Ref. Unknown) (43mm; Manual),Vostok,43mm,Manual,Men,
west-end-primo-gold-ref-7949-33mm-manual,West End Primo Gold (Ref. 7949) (33mm; Manual),West End Watch Co.,33mm,Manual,Unisex,
oris-fibre-date-am-bezel-ref-unknown-46mm-manual,ORIS Fibre Date AM Bezel (Ref. Unknown) (46mm; Manual),ORIS,,Manual,,
seiko-railway-time-ref-6309-8920-36mm-automatic,Seiko Railway Time (Ref. 6309-8920) (36mm; Automatic),Seiko,36mm,Automatic,Unisex,
seiko-5-stock-bracelet-ref-7526-02v0-36mm-automatic,Seiko 5 Stock Bracelet (Ref. 7526-02V0) (36mm; Automatic),Seiko,36mm,Automatic,Unisex,
ysl-ladies-ref-542822-34mm-quartz,YSL Ladies (Ref. 542822) (34mm; Quartz),YSL,34mm,Quartz,Ladies,
seiko-dx-ref-7009-3020-37mm-automatic,Seiko DX (Ref. 7009-3020) (37mm; Automatic),Seiko,37mm,Automatic,Unisex,
seiko-hi-beat-salmon-dial-ref-7009-8920-35mm-automatic,Seiko Hi-Beat Salmon Dial (Ref. 7009-8920) (35mm; Automatic),Seiko,35mm,Automatic,Unisex,
favre-leuba-duomatic-grey-xl-ref-75013-39mm-automatic,Favre Leuba Duomatic Grey XL (Ref. 75013) (39mm; Automatic),Favre Leuba,39mm,Automatic,Men,
nivada-ref-46011-37mm-manual,Nivada (Ref. 46011) (37mm; Manual),Nivada,37mm,Manual,Unisex,
henri-sandoz-ref-762y-79-2-38mm-manual,Henri Sandoz (Ref. 762Y-79-2) (38mm; Manual),Henri Sandoz,38mm,Manual,Unisex,
roamer-brevette-ref-215999-33mm-manual,Roamer Brevette (Ref. 215999) (33mm; Manual),Roamer,33mm,Manual,Unisex,
tressa-laser-beam-ref-282-38mm-automatic,Tressa Laser Beam (Ref. 282) (38mm; Automatic),Tressa,38mm,Automatic,Unisex,
seiko-railway-time-ref-6309-5460-36mm-automatic,Seiko Railway Time (Ref. 6309-5460) (36mm; Automatic),Seiko,36mm,Automatic,Unisex,
roamer-jewelled-ref-unknown-31mm-manual,Roamer Jewelled (Ref. Unknown) (31mm; Manual),Roamer,31mm,Manual,Ladies,
citizen-rare-ref-4-740068k-37mm-automatic,Citizen Rare (Ref. 4-740068K) (37mm; Automatic),Citizen,37mm,Automatic,Unisex,
seiko-railway-time-gold-ref-7s26-3160-36mm-automatic,Seiko Railway Time Gold (Ref. 7S26-3160) (36mm; Automatic),Seiko,36mm,Automatic,Unisex,
rotary-ref-33970-35mm-automatic,Rotary (Ref. 33970) (35mm; Automatic),Rotary,35mm,Automatic,Unisex,
caravelle-by-bulova-nos-ref-t5-36mm-quartz,Caravelle by Bulova NOS (Ref. T5) (36mm; Quartz),Caravelle,36mm,Quartz,Unisex,
allwyn-ref-113390-38mm-automatic,Allwyn (Ref. 113390) (38mm; Automatic),Allwyn,38mm,Automatic,Unisex,
west-end-watch-co-west-end-sowar-linen-dial-ref-0367610-35mm-quartz,West End Watch Co. West End Sowar Linen Dial (Ref. 0367610) (35mm; Quartz),West End Watch Co.,35mm,Quartz,Unisex,
edox-bluebird-rare-ref-unknown-35mm-automatic,Edox Bluebird Rare (Ref. Unknown) (35mm; Automatic),Edox,35mm,Automatic,Unisex,
enicar-minor-super-rare-collectible-ref-1-27-32mm-manual,Enicar Minor Super Rare; Collectible (Ref. 1/27) (32mm; Manual),Enicar,32mm,Manual,Ladies,
pierre-cardin-ref-57302-37mm-quartz,Pierre Cardin (Ref. 57302) (37mm; Quartz),Pierre,37mm,Quartz,Unisex,
omega-gold-ref-unknown-38mm-automatic,Omega Gold (Ref. Unknown) (38mm; Automatic),Omega,38mm,Automatic,Unisex,
citizen-nos-ref-4-651651-k-37mm-automatic,Citizen NOS (Ref. 4-651651-K) (37mm; Automatic),Citizen,37mm,Automatic,Unisex,
citizen-ref-4-162021-sms-37mm-manual,Citizen (Ref. 4-162021 SMS) (37mm; Manual),Citizen,37mm,Manual,Unisex,
solovian-multi-function-ref-w9903-3438mm-quartz,Solovian Multi Function (Ref. W9903) (3438mm; Quartz),Solovian,,Quartz,,
allwyn-quartz-silver-very-rare-nos-ref-v2588-8040-36mm-quartz,Allwyn Quartz Silver Very Rare NOS (Ref. V2588-8040) (36mm; Quartz),Allwyn,36mm,Quartz,Unisex,
allwyn-quartz-arabic-very-rare-nos-ref-v2588-8040-36mm-quartz,Allwyn Quartz Arabic Very Rare NOS (Ref. V2588-8040) (36mm; Quartz),Allwyn,36mm,Quartz,Unisex,
allwyn-quartz-black-very-rare-nos-ref-v2588-8040-36mm-quartz,Allwyn Quartz Black Very Rare NOS (Ref. V2588-8040) (36mm; Quartz),Allwyn,36mm,Quartz,Unisex,
seiko-5-weekdater-ref-6119-6003-36mm-automatic,Seiko 5 Weekdater (Ref. 6119 6003) (36mm; Automatic),Seiko,36mm,Automatic,Unisex,
allwyn-throb-ref-m103-8000-38mm-manual,Allwyn Throb (Ref. M103-8000) (38mm; Manual),Allwyn,38mm,Manual,Unisex,
citizen-nos-ref-4-853751k-39mm-automatic,Citizen NOS (Ref. 4-853751K) (39mm; Automatic),Citizen,39mm,Automatic,Men,
omega-geneve-dynamic-ref-unknown-3743mm-automatic,Omega Geneve Dynamic (Ref. Unknown) (37x43mm; Automatic),Omega,,Automatic,,
tissot-visodate-ref-unknown-40mm-manual,Tissot Visodate (Ref. Unknown) (40mm; Manual),Tissot,40mm,Manual,Men,
seiko-lordmatic-w-kanji-day-ref-5606-7360-38mm-automatic,Seiko Lordmatic w/ Kanji Day (Ref. 5606 7360) (38mm; Automatic),Seiko,38mm,Automatic,Unisex,
seiko-hi-beat-ref-66-7100-p-37mm-manual,Seiko Hi-Beat (Ref. 66-7100-P) (37mm; Manual),Seiko,37mm,Manual,Unisex,
seiko-hi-beat-ref-6602-7040-37mm-manual,Seiko Hi-Beat (Ref. 6602-7040) (37mm; Manual),Seiko,37mm,Manual,Unisex,
seiko-pogue-ref-6138-6002-46mm-automatic,Seiko Pogue (Ref. 6139-6002) (46mm; Automatic),Seiko,,Automatic,,
orient-three-star-nos-ref-em5a-a0-b-ca-38mm-automatic,Orient Three Star NOS (Ref. EM5A-A0-B CA) (38mm; Automatic),Orient,38mm,Automatic,Unisex,
fortis-performance-extremely-rare-ref-unknown-3541mm-automatic,Fortis Performance ; Extremely Rare (Ref. Unknown) (35x41mm; Automatic),Fortis,,Automatic,,
milus-very-rare-ref-10218-35mm-manual,Milus Very Rare (Ref. 10218) (35mm; Manual),Milus,35mm,Manual,Unisex,
seiko-ladies-ref-1n01-0ct0-1821mm-quartz,Seiko Ladies (Ref. 1N01 0CT0) (1821mm; Quartz),Seiko,,Quartz,Ladies,
grovana-uae-armed-forces-stamped-ref-2046-1-34mm-quartz,Grovana UAE Armed Forces Stamped (Ref. 2046.1) (34mm; Quartz),Grovana,34mm,Quartz,Unisex,
seiko-5-ref-4227-00e0-32mm-automatic,Seiko 5 (Ref. 4227 00E0) (32mm; Automatic),Seiko,32mm,Automatic,Ladies,
seiko-5-ref-7009-5140-37mm-automatic,Seiko 5 (Ref. 7009 5140) (37mm; Automatic),Seiko,37mm,Automatic,Unisex,
seiko-5-ref-4227-00n0-31mm-automatic,Seiko 5 (Ref. 4227 00N0) (31mm; Automatic),Seiko,31mm,Automatic,Ladies,
laurine-pointer-date-ref-prg-b1033gd-36mm-quartz,Laurine Pointer Date (Ref. PRG-B1033GD) (36mm; Quartz),Laurine,36mm,Quartz,Unisex,
nivada-edjule-fff-extremely-rare-ref-46021-37mm-manual,Nivada Edjule FFF Extremely Rare (Ref. 46021) (37mm; Manual),Nivada,37mm,Manual,Unisex,
seiko-ref-6602-8060-3841mm-manual,Seiko (Ref. 6602-8060) (3841mm; Manual),Seiko,,Manual,,
anker-ufo-very-rare-ref-918-47mm-manual,Anker UFO Very Rare (Ref. 918) (47mm; Manual),Anker,,Manual,,
ardath-steelmaster-rare-ref-unknown-30mm-manual,Ardath Steelmaster Rare (Ref. Unknown) (30mm; Manual),Ardath,30mm,Manual,Ladies,
elfry-ref-3557-38mm-manual,Elfry (Ref. 3557) (38mm; Manual),Elfry,38mm,Manual,Unisex,
mimo-sub-second-ref-6073-37mm-manual,Mimo Sub-Second (Ref. 6073) (37mm; Manual),Mimo,37mm,Manual,Unisex,
larex-sub-second-ref-363-38mm-manual,Larex Sub-Second (Ref. 363) (38mm; Manual),Larex,38mm,Manual,Unisex,
casio-dual-large-ref-ltf-117-40mm-quartz,Casio Dual Large (Ref. LTF-117) (40mm; Quartz),Casio,40mm,Quartz,Men,
west-end-watch-co-ref-4724-32mm-quartz,West End Watch Co. (Ref. 4724) (32mm; Quartz),West End Watch Co.,32mm,Quartz,Ladies,
raketa-red-12-ref-694536-36mm-manual,Raketa Red 12 (Ref. 694536) (36mm; Manual),Raketa,36mm,Manual,Unisex,
seiko-ref-6602-8060-38mm-x-41mm-manual,Seiko (Ref. 6602-8060) (38mm x 41mm; Manual),Seiko,,Manual,,
seiko-ladies-ref-1n01-0ct0-18mm-x-21mm-quartz,Seiko Ladies (Ref. 1N01 0CT0) (18mm x 21mm; Quartz),Seiko,,Quartz,Ladies,
tudor-oyster-ref-91245-29mm-manual,Tudor Oyster (Ref. 91245) (29mm; Manual),Tudor,29mm,Manual,Ladies,
sandoz-ref-894y-72-36mm-manual,Sandoz (Ref. 894Y-72) (36mm; Manual),Sandoz,36mm,Manual,Unisex,
ricoh-ref-unknown-40mm-automatic,Ricoh (Ref. Unknown) (40mm; Automatic),Ricoh,40mm,Automatic,Men,
oris-t-gold-ref-unknown-33mm-manual,Oris T Gold (Ref. Unknown) (33mm; Manual),Oris,33mm,Manual,Unisex,
citizen-v2-brown-ref-242-35mm-automatic,Citizen V2 Brown (Ref. 242) (35mm; Automatic),Citizen,35mm,Automatic,Unisex,
nina-rossi-sub-second-ref-unknown-34mm-x-27mm-quartz,Nina Rossi Sub-Second (Ref. Unknown) (34mm x 27mm; Quartz),Nina Rossi,,Quartz,,
longines-ref-24824507-32mm-quartz,Longines (Ref. 24824507) (32mm; Quartz),Longines,32mm,Quartz,Ladies,
eterna-matic-3000-ref-4317978-35mm-automatic,Eterna Matic 3000 (Ref. 4317978) (35mm; Automatic),Eterna,35mm,Automatic,Unisex,
camy-club-star-eta-2769-ref-7628-37mm-x-34mm-automatic,Camy Club Star — ETA 2769 (Ref. 7628) (37mm x 34mm; Automatic),Camy,,Automatic,,
sekonda-ref-03597-36mm-x-34mm-quartz,Sekonda (Ref. 03597) (36mm x 34mm; Quartz),Sekonda,,Quartz,,
poebeda-victory-sub-second-ref-142044-36mm-manual,Poebeda Victory (Sub-Second) (Ref. 142044) (36mm; Manual),Poebeda,36mm,Manual,Unisex,
anglo-swiss-cavalry-ref-27243-6-34mm-manual,Anglo Swiss Cavalry (Ref. 27243-6) (34mm; Manual),Anglo Swiss,34mm,Manual,Unisex,
raketa-big-zero-ref-852530-37mm-manual,Raketa Big Zero (Ref. 852530) (37mm; Manual),Raketa,37mm,Manual,Unisex,
mortima-de-luxe-ref-unknown-35-5mm-manual,Mortima De Luxe (Ref. Unknown) (35.5mm; Manual),Mortima,,Manual,,
givenchy-pagode-ref-pa-300072-37mm-quartz,Givenchy Pagode (Ref. PA 300072) (37mm; Quartz),Givenchy,37mm,Quartz,Unisex,
bpemr-ussr-very-rare-ref-unknown-42mm-manual,BPEMR USSR — Very Rare (Ref. Unknown) (42mm; Manual),BPEMR,42mm,Manual,Men,
raketa-h-ussr-cal-2614-ref-unknown-40mm-manual,Raketa H USSR — Cal. 2614 (Ref. Unknown) (40mm; Manual),Raketa,40mm,Manual,Men,
camy-clubstar-eta-2897-movement-ref-7628-37mm-automatic,Camy ClubStar ETA 2897 Movement (Ref. 7628) (37mm; Automatic),Camy,37mm,Automatic,Unisex,
allwyn-nos-ref-y329-8110-34mm-manual,Allwyn NOS (Ref. Y329-8110) (34mm; Manual),Allwyn,34mm,Manual,Unisex,
poebeda-victory-sub-second-ref-unknown-37mm-manual,Poebeda Victory — Sub-Second (Ref. Unknown) (37mm; Manual),Poebeda,37mm,Manual,Unisex,
tissot-sideral-very-rare-mint-condition-ref-unknown-40mm-automatic,"Tissot Sideral — Very Rare, Mint Condition (Ref. Unknown) (40mm; Automatic)",Tissot,40mm,Automatic,Men,
seiko-jdm-quartz-ref-v701-6k69-35mm-quartz,Seiko JDM Quartz (Ref. V701-6K69) (35mm; Quartz),Seiko,35mm,Quartz,Unisex,
asw-incabloc-ref-unknown-34mm-x-38mm-automatic,ASW Incabloc (Ref. Unknown) (34mm x 38mm; Automatic),ASW,,Automatic,,
allwyn-tv-dial-nos-very-rare-ref-m158-0000-37mm-automatic,"Allwyn TV Dial — NOS, Very Rare (Ref. M158-0000) (37mm; Automatic)",Allwyn,37mm,Automatic,Unisex,
feuver-sub-second-antichoc-ref-unknown-35mm-manual,Feuver Sub-Second Antichoc (Ref. Unknown) (35mm; Manual),Feuver,35mm,Manual,Unisex,
oscar-de-la-rente-rare-ref-300-2035-25mm-x-32mm-quartz,Oscar de la Rente — Rare (Ref. 300-2035) (25mm x 32mm; Quartz),Oscar,,Quartz,,
west-end-watch-co-secundus-ref-7193-5892-35mm-manual,West End Watch Co. Secundus (Ref. 7193 5892) (35mm; Manual),West End Watch Co.,35mm,Manual,Unisex,
seiko-jdm-rare-ref-66-7090-32mm-manual,Seiko JDM Rare (Ref. 66-7090) (32mm; Manual),Seiko,32mm,Manual,Ladies,
leonard-ref-4200-33mm-quartz,Leonard (Ref. 4200) (33mm; Quartz),Leonard,33mm,Quartz,Unisex,
mido-multi-star-ref-unknown-38mm-automatic,Mido Multi Star (Ref. Unknown) (38mm; Automatic),Mido,38mm,Automatic,Unisex,
west-end-watch-co-keepsake-ref-d8607-33mm-manual,West End Watch Co. Keepsake (Ref. D8607) (33mm; Manual),West End Watch Co.,33mm,Manual,Unisex,
seiko-5-ref-6309-5480-a-35mm-x-38mm-automatic,Seiko 5 (Ref. 6309-5480 A) (35mm x 38mm; Automatic),Seiko,,Automatic,,
favre-leuba-sea-chief-ref-68003-36mm-manual,Favre Leuba Sea Chief (Ref. 68003) (36mm; Manual),Favre Leuba,36mm,Manual,Unisex,
castell-premier-ref-14679-33mm-manual,Castell Premier (Ref. 14679) (33mm; Manual),Castell,33mm,Manual,Unisex,
nino-ref-n-326-37mm-manual,Nino (Ref. N-326) (37mm; Manual),Nino,37mm,Manual,Unisex,
henri-sandoz-transparent-ref-unknown-35mm-manual,Henri Sandoz Transparent (Ref. Unknown) (35mm; Manual),Henri Sandoz,35mm,Manual,Unisex,
camy-sputnik-77-jewels-ref-unknown-38mm-automatic,Camy Sputnik 77 Jewels (Ref. Unknown) (38mm; Automatic),Camy,38mm,Automatic,Unisex,
hong-kong-watch,Hong Kong Watch,Hong Kong,,,,
enicar-star-jewels,Enicar Star Jewels,Enicar,,,,
poebeda-victory-sub-second-37mm-manual,Poebeda Victory (Sub-Second) (37mm; Manual),Poebeda,37mm,Manual,Unisex,
ricoh-31mm-automatic,Ricoh (36mm; Automatic),Ricoh,36mm,Automatic,Unisex,
allwyn-ref-y380-5000-33mm-manual,Allwyn (Ref. Y380-5000) (36mm; Manual),Allwyn,36mm,Manual,Unisex,
ricoh-blue-dial-35mm-automatic,Ricoh Blue Dial (35mm; Automatic),Ricoh,35mm,Automatic,Unisex,
citizen-bullhead-ref-4-901193k-38mm-automatic,Citizen Bullhead (Ref. 4-901193K) (38mm; Automatic),Citizen,38mm,Automatic,Unisex,
citizen-automatic-ref-4-821416k-37mm-automatic,Citizen Automatic (Ref. 4-821416K) (37mm;Automatic),Citizen,37mm,Automatic,Unisex,
orient-three-star-ref-emok-b0-ca-34-5mm-automatic,Orient Three Star (Ref. EMOK-B0 CA) (34.5mm; Automatic),Orient,,Automatic,,
citizen-ref-4-180551-sm-34mm-manual,Citizen (Ref. 4-180551 SM) (34mm; Manual),Citizen,34mm,Manual,Unisex,
titus-ref-7055-f-32mm-manual,Titus (Ref. 7055 F) (32mm; Manual),Titus,32mm,Manual,Ladies,
favre-leuba-geneve-ref-59993-33mm-automatic,Favre Leuba Geneve (Ref. 59993) (33mm; Automatic),Favre Leuba,33mm,Automatic,Unisex,
seiko-actus-ref-7019-8010-32mm-automatic,Seiko Actus (Ref. 7019 8010) (38mm; Automatic),Seiko,38mm,Automatic,Unisex,
ricoh-india-nos-30mm-manual,Ricoh India NOS (30mm;Manual),Ricoh,30mm,Manual,Ladies,
ricoh-india-nos-38mm-manual,Ricoh India NOS (38mm; Manual),Ricoh,38mm,Manual,Unisex,
mount-royale-ref-mr5333m-32mm-x-35mm-quartz,Mount Royale (Ref. MR5333M) (32mm x 35mm; Quartz),Mount Royale,,Quartz,,
camy-kings-club-ref-7632-rare-40mm-automatic,Camy Kings Club (Ref. 7632) (Rare) (40mm; Automatic),Camy,40mm,Automatic,Men,
seiko-bell-matic-4006-7002-33mm-automatic,Seiko BellMatic (Ref. 4006 7002) (38mm; Automatic),Seiko,38mm,Automatic,Unisex,
anglo-swiss-watch-co-cavalry-32mm-manual,Anglo Swiss Watch Co. Cavalry (32mm; Manual),Anglo Swiss,32mm,Manual,Ladies,
seiko-5-railway-time-ref-7s26-0530-34mm-automatic-blue-dial-copy,Seiko 5 Railway Time (Ref. 7S26 0530) (34mm; Automatic),Seiko,34mm,Automatic,Unisex,
seiko-5-ref-6119-7100-35mm-automatic-cream-parchment-tone-dial-copy,Seiko 5 (Ref. 6119 7100) (35mm; Automatic),Seiko,35mm,Automatic,Unisex,
fortis-ref-1092034-34mm-manual-cream-parchment-tone-dial,Fortis (Ref. 1092034) (34mm; Manual),Fortis,34mm,Manual,Unisex,
omega-sub-second-31mm-manual,Omega Sub-Second Dial (31mm; Manual),Omega,31mm,Manual,Ladies,
poljot-ref-468279-31mm-manual-aged-parchment-tone-dial,Poljot (Ref. 468279) (31mm; Manual),Poljot,31mm,Manual,Ladies,
west-end-secundus-sub-second-dial-ref-d3193-32mm-manual-burgundy-dial-with-roman-numerals-copy,West End Secundus Sub-Second Dial (Ref. D3193) (32mm; Manual),West End Watch Co.,32mm,Manual,Ladies,
anglo-swiss-tiny-ref-2008-19-23mm-x-26mm-quartz-white-with-guilloche-pattern-amp-roman-numerals-copy,Anglo Swiss Tiny (Ref. 2008-19) (23mm x 26mm; Quartz),Anglo Swiss,,Quartz,,
pierre-cardin-ref-52251-38x35mm-quartz,Pierre Cardin (Ref. 52251) (38mm x 33mm; Quartz) - Guilloché Pattern,Pierre,,Quartz,,
ricoh-supertimes-17-jewels-automatic,Ricoh Supertimes 17 Jewels - Automatic,Ricoh,,Automatic,,
omega-swatch-mission-to-earthphase,Omega × Swatch Bioceramic Moonswatch — Mission to Earthphase,Omega,,,,
raketa-ref-2628-h-18-jewels-ussr-rare-1970s-manual,Raketa (Ref. 2628 H) 18 Jewels [USSR; Rare 1970s] [Manual],Raketa,,Manual,,
edox-automatic-ref-3126-b71-automatic,Edox Automatic (Ref. 3126 B71)- Automatic,Edox,,Automatic,,
favre-leuba-duomatic-hf-36000-a-h-tv-screen-1970s-vintage-automatic,Favre-Leuba Duomatic HF 36000 a/h – “TV Screen” | 1970s Vintage Automatic,Favre Leuba,,Automatic,,
titan-quartz-multifunction-black-dial-mens-watch,Titan Quartz Multifunction – Black Dial | Men's Watch,Titan,,Quartz,,
west-end-watch-co-president-jubilee-nos-38mm-automatic-diamond-dial,West End Watch Co. President Jubilee – NOS | 38mm | Automatic | Diamond Dial,West End Watch Co.,38mm,Automatic,Unisex,
seiko-5-automatic-oman-khanjar-6349-501a-japan-made-rare-collector-s-piece,Seiko 5 Automatic “Oman Khanjar” – 6349-501A (Japan Made) — Rare Collector’s Piece,Seiko,,Automatic,,
blancpain-x-swatch-scuba-fifty-fathoms-pacific-ocean-42-3mm,Blancpain x Swatch Scuba Fifty Fathoms – Pacific Ocean (42.3mm),Blancpain,,,,
ricoh-21-jewels-automatic-president-ref-061121-automatic,Ricoh 21 Jewels President (Ref. 061121) –  Automatic,Ricoh,,Automatic,,
orient-crystal-21-jewels-automatic-ref-469222-blue-dial-vintage-japanese-automatic,Orient Crystal 21 Jewels Automatic (Ref. 469222) – Blue Dial | Vintage Japanese Automatic,Orient,,Automatic,,
omega-automatic-ref-167-021-bi-directional-date-adjustment,Omega Automatic (Ref.166.0202) Bi-Directional Date Adjustment-  Automatic,Omega,,Automatic,,
favre-leuba-twin-power-ref-unknown-rare-gray-dial-38mm-manual,Favre Leuba Twin Power (Rare Gray Dial)-[38mm] Manual,Favre Leuba,38mm,Manual,Unisex,
doxa-ref-4224-30mm-quartz,Doxa (Ref. 4224)-[30mm] Quartz,Doxa,30mm,Quartz,Ladies,
oris-ladies-28mm-manual,Oris Ladies-[28mm] Manual,Oris,28mm,Manual,Ladies,
seiko-5-ref-7009-8950f-rare-purple-dial-39mm-automatic,Seiko 5 (Ref. 7009 8950F) Rare Purple Dial-[39mm] Automatic,Seiko,39mm,Automatic,Men,
seiko-5-ref-6309-8920-a6-38mm-automatic,Seiko 5 (Ref. 6309 8920 A6)-[38mm] Automatic,Seiko,38mm,Automatic,Unisex,
poebeda-gold-3d-dial-ref-009552-38mm-manual,Pobeda Gold 3D Dial (Ref. 009552)- [38mm]	Manual,Poebeda,38mm,Manual,Unisex,
seiko-jdm-ref-7n29-8101-38mm-quartz,Seiko JDM (Ref. 7N29 8101) - [38mm] Quartz,Seiko,38mm,Quartz,Unisex,
citizen-helmet-automatic-ref-4-650972k-titanium-bezel-pvd-coated-case-rare-collectible,"Citizen Helmet-[42mm] Automatic (Ref. 4-650972K) Titanium Bezel, PVD Coated Case (Rare, Collectible)",Citizen,42mm,Automatic,Men,
favre-leuba-geneve-37mm-automatic-ref-59993,Favre Leuba Geneve-[37mm] Automatic (Ref. 59993),Favre Leuba,37mm,Automatic,Unisex,
seiko-34mm-quartz-ref-5p30-6a0b,Seiko-[34mm] Quartz (Ref. 5P30 6A0B),Seiko,34mm,Quartz,Unisex,
ricoh-crystal-green-061878,Ricoh Crystal Green - 061878,Ricoh,,,,
west-end-watch-co-sowar-manual-ref-d3195,West End Watch Co. Sowar-[32mm] Manual (Ref. D3195),West End Watch Co.,32mm,Manual,Ladies,
allwyn-37mm-manual-ref-y380-1020mh,Allwyn-[37mm] Manual (Ref. Y380-1020MH),Allwyn,37mm,Manual,Unisex,
seiko-36mm-quartz-ref-2f30-0h020,Seiko-[36mm] Quartz (Ref. 2F30 0H020),Seiko,36mm,Quartz,Unisex,
roamer-brevete-1,Roamer Brevete - [34mm] Manual,Roamer,34mm,Manual,Unisex,
fortis-trueline-ref-6161m,Fortis Trueline-[35mm] Automatic (Ref. 6161M),Fortis,35mm,Automatic,Unisex,
westclox-white-dial,Westclox White Dial-[36mm] Manual,Westclox,36mm,Manual,Unisex,
orient-crystal-three-star-ref-0s559c084b,Orient Crystal Three Star-[35mm] Automatic (Ref. 0S559C084B),Orient,35mm,Automatic,Unisex,
titoni-airmaster-ref-505,Titoni Airmaster-[36mm] Manual (Ref. 505),Titoni,36mm,Manual,Unisex,
lanco-ref-114076002-cushion-dial,Lanco-[23x32mm] Manual (Ref. 114076002) Cushion Dial,Lanco,,Manual,,
seiko-batman-ref-7006-7080,Seiko Batman-[40mm]	Automatic (Ref. 7006-7080),Seiko,40mm,Automatic,Men,
citizen-ref-4-821254-smh,Citizen-[37mm] Automatic (Ref. 4-821254 SMH),Citizen,37mm,Automatic,Unisex,
jemis-ref-5021-0050,Jemis-[40mm] Automatic (Ref. 5021-0050),Jemis,40mm,Automatic,Men,
seiko-quartz-ref-8223-5220-a7,Seiko Quartz-[34mm] Quartz (Ref. 8223-5220 A7),Seiko,34mm,Quartz,Unisex,
citizen-crystal-7-33-jewels-ref-4-520751-y,Citizen Crystal 7 33 Jewels-[37mm] Automatic (Ref. 4-520751 Y),Citizen,37mm,Automatic,Unisex,
seiko-actus-jdm-ref-7019-8010,Seiko Actus JDM-[39mm] Automatic (Ref. 7019-8010),Seiko,39mm,Automatic,Men,
longines-quartz-ref-21331516,Longines Quartz-[32mm] Quartz (Ref. 21331516),Longines,32mm,Quartz,Ladies,
omega-seamaster-black-tulip-ref-196-0249-33-x-35-mm-quartz,"Omega Seamaster Black Tulip (Ref. 196.0249) (33 × 35 mm, Quartz) - Very Rare",Omega,,Quartz,,
camy-superautomatic-37mm-automatic-ref-7160-dial,Camy SuperAutomatic – [37mm] Automatic (Ref. 7160),Camy,37mm,Automatic,Unisex,
orient-crystal-39mm-automatic-ref-1469210-4a-ca-dial,Orient Crystal – [39mm] Automatic (Ref. 1469210-4A CA),Orient,39mm,Automatic,Men,
ricoh-white-gold-42mm-automatic-ref-61321a,Ricoh White Gold – [42mm] Automatic (Ref. 61321A),Ricoh,42mm,Automatic,Men,
ricoh-crystal-green-39mm-automatic-ref-061878,Ricoh Crystal – [39mm] Automatic (Ref. 061878),Ricoh,39mm,Automatic,Men,
ricoh-blue-gradient-42mm-automatic-ref-061485,Ricoh blue Gradient – [42mm] Automatic (Ref. 061485),Ricoh,42mm,Automatic,Men,
ricoh-crystal-green-gradient-39mm-automatic-ref-061733ac,Ricoh Crystal Green Gradient – [39mm] Automatic (Ref. 061733AC),Ricoh,39mm,Automatic,Men,
ricoh-crystal-39mm-automatic-ref-061754ac-dial,Ricoh Crystal – [39mm] Automatic (Ref. 061754AC Dial),Ricoh,39mm,Automatic,Men,
orient-green-sunburst-42mm-automatic-ref-6469616a-6apt,Orient Automatic (Ref. 6469616A-6APT) [42mm],Orient,42mm,Automatic,Men,
ricoh-pink-gradient-38mm-automatic-ref-61527a-copy,Ricoh Pink Gradient – [38mm] Automatic (Ref. 61527A) (Copy),Ricoh,38mm,Automatic,Unisex,
ricoh-pink-gradient-38mm-automatic-ref-61527a,Orient (Ref. No.: G469006-6APY) [38mm] Automatic,Orient,38mm,Automatic,Unisex,
seiko-weekdater-36mm-automatic-ref-7404404,Seiko Weekdater – [36mm] Automatic (Ref. 7404404),Seiko,36mm,Automatic,Unisex,
seiko-tv-dial-38mm-automatic-ref-6n1803,Seiko TV Dial – [38mm] Automatic (Ref. 6309 5010),Seiko,38mm,Automatic,Unisex,
seiko-bell-matic-37mm-automatic-ref-103635,Seiko Bell-Matic (Ref. No: 4006-7002) (circa 1970s) Automatic,Seiko,,Automatic,,
seiko-5-36mm-automatic-ref-403225,Seiko 5 – [36mm] Automatic (Ref. 7009 3161),Seiko,36mm,Automatic,Unisex,
favre-leuba-tv-dial-32mm-manual,Favre-Leuba TV Dial – [32mm] Manual,Favre Leuba,32mm,Manual,Ladies,
bierina-super-de-luxe-28-x-40mm-manual,"1978 Rolex Submariner Date MK1 (Ref: 1680) (40mm, Automatic)",Rolex,40mm,Automatic,Men,
castell-premier-34mm-manual,AMIDA Castell Premiere 23 Jewels - [34mm] Manual Winding,AMIDA,34mm,Manual,Unisex,
edox-delfin-39mm-manual,Edox Delfin - AS 1951 Movement (Ref. 422 2004 - Collectable) - [39mm] Manual,Edox,39mm,Manual,Men,
omega-automatic-silver-38mm-automatic,Omega Automatic Silver (Bi-Directional Date Adjustment) – [38mm] Automatic,Omega,38mm,Automatic,Unisex,
citizen-custom-v2-ref-4-722191ta-40mm-automatic,Citizen Custom V2 (Ref. 4-722191TA) – [40mm] Automatic,Citizen,40mm,Automatic,Men,
orient-automatic-ref-qj487602-9apt-39mm-automatic,Orient Automatic (Ref. QJ487602-9APT) – [39mm] Automatic,Orient,39mm,Automatic,Men,
roamer-vanguard-ref-802-2210-318-38mmmanual,Roamer Vanguard (Ref. 802.2210.318) – [38mm] Manual,Roamer,38mm,Manual,Unisex,
eberhard-co-ref-246531-rare-subsecond-32mm-manual,Eberhard & Co. (Ref. 246531) [Rare Subsecond] – [32mm] Manual,Eberhard,32mm,Manual,Ladies,
westbury-superautomatic-25-jewels-36mm-manual,Westbury Super Auto 25 Jewels [36mm] Automatic,Westbury,36mm,Automatic,Unisex,
waltham-mint-condition-ref-226470111791-36mm-manual,Waltham Mint Condition (Ref. 226470111791) – [36mm] Manual,Waltham,36mm,Manual,Unisex,
favre-leuba-sea-chief-blue-dial-ref-63163-37mm-manual,Favre-Leuba Sea Chief Blue Dial (Ref. 63163) – [37mm] Manual,Favre Leuba,37mm,Manual,Unisex,
jubilee-swiss-38mm-manual-rare-vintage-model,Jubilee Swiss [38mm] Manual – Rare Vintage Model,Jubilee,38mm,Manual,Unisex,
titoni-airmaster-34mm-manual,Titoni Airmaster [34mm] Manual,Titoni,34mm,Manual,Unisex,
f-bachschmid-steelmaster-ref-anchor-star-43mm-automatic,F. Bachschmid Steelmaster (Ref. Anchor Star) | 43mm | Automatic,F. Bachschmid ,43mm,Automatic,Men,
lampron-25-jewels-permaspring-ref-352872-rare-collectible-38mm-automatic-movement,Lampron 25 Jewels Permaspring (Ref. 352872) [Rare Collectible] – [38mm] Automatic Movement,Lampron,38mm,Automatic,Unisex,
universal-geneve-1960s-ref-406511-1-37mm-manual-movement,Universal Genève 1960s (Ref. 406511/1) – [37mm] Manual Movement,Universal Geneve,37mm,Manual,Unisex,
westclox-grey-dial-mint-condition-38mm-manual-movement,Westclox Grey Dial (Mint Condition) – [38mm] Manual Movement,Westclox,38mm,Manual,Unisex,
raymond-weil-tank-ref-7030-29x32mm-quartz-movement,Raymond Weil (Ref. 7030) Hexagon Case (Manual Winding),Raymond,,Manual,,
edox-hydromatic-39mm-automatic-movement,Edox Hydromatic – [39mm] Automatic Movement,Edox,39mm,Automatic,Men,
favre-leuba-twin-power-xl-ref-461151-39mm-manual-movement,"Favre-Leuba Twin Power XL (Ref. 461151) – 39mm, Manual Movement",Favre Leuba,,Manual,,
ricoh-president-39mm-automatic-movement,Ricoh President – [39mm] Automatic Movement,Ricoh,39mm,Automatic,Men,
elgin-4349-cushion-dial-32x34mm-automatic-movement,"Elgin 4349 (Cushion Dial) – 32x34mm, Automatic Movement",Elgin,,Automatic,,
tressa-laser-beam-ref-516-33mm-manual-movement,Tressa Laser Beam (Ref. 516) – [33mm] Manual Movement,Tressa,33mm,Manual,Unisex,
seiko-5-sports-blue-dial-39mm-automatic,"Seiko 5 Khanjar Dial - Near NOS (Ref. 6309 9000F) [Rare Collectible] (39mm, Automatic)",Seiko,39mm,Automatic,Men,
edox-automatic-39mm-automatic-ref-200217,Edox Automatic (39mm) – Ref. 200217,Edox,,Automatic,,
movado-calendograf-36mm-automatic-cal-470-retouched-dial,"Movado Calendograf (36mm, Automatic) – Cal. 470 [Retouched Dial]",Movado,36mm,Automatic,Unisex,
fortis-17-jewels-37mm-manual,Fortis 17 Jewels [37mm] Manual,Fortis,37mm,Manual,Unisex,
seiko-6602-7040-38mm-manual,Seiko 6602-7040 [38mm] Manual,Seiko,38mm,Manual,Unisex,
titoni-airmaster-titoflex-36mm-manual,Titoni Airmaster Titoflex [36mm] Manual,Titoni,36mm,Manual,Unisex,
favre-leuba-geneve-twin-power-38mm-manual-wind,Favre-Leuba Genève Twin Power [38mm] Manual Wind,Favre Leuba,38mm,Manual,Unisex,
oris-grey-dial-36mm-manual,Oris ST96 - Cal. 654 17 Jewel [36mm] Manual Winding,Oris,36mm,Manual,Unisex,
oris-waterproof-anti-shock-33mm-manual,Oris Waterproof Anti-Shock [33mm] Manual,Oris,33mm,Manual,Unisex,
seiko-gold-round-jdm-35mm-quartz,Seiko Gold Round JDM – [35mm] Quartz,Seiko,35mm,Quartz,Unisex,
favre-leuba-geneve-daymatic-34mm-automatic,Favre Leuba Genève Daymatic [34mm] Automatic,Favre Leuba,34mm,Automatic,Unisex,
omega-geneve-dynamic-43mm-automatic-1,Omega Genève Dynamic [43mm] Automatic,Omega,43mm,Automatic,Men,
oris-star-ladies-manual-33mm-swiss-made,Oris Star Ladies Manual – [33mm] Swiss Made,Oris,33mm,Manual,Ladies,
henri-sandoz-25-jewels-38mm-manual,Henri Sandoz 25 Jewels [38mm] Manual,Henri Sandoz,38mm,Manual,Unisex,
yema-36mm-quartz,Yema [36mm] Quartz,Yema,36mm,Quartz,Unisex,
citizen-quartz-ref-99-112-30-x-39-mm-quartz,Citizen Quartz Ref. 99-112 [30 x 39 mm] Quartz,Citizen,,Quartz,,
boctok-amphibian-gold-bezel-42mm-manual,Boctok Amphibian Gold Bezel [42mm] Manual,Vostok,42mm,Manual,Men,
kelek-automatic-35mm-automatic,Kelek Automatic – [35mm] Automatic,Kelek,35mm,Automatic,Unisex,
omega-seamaster-de-ville-34mm-automatic,Omega Seamaster De Ville [34mm] Automatic,Omega,34mm,Automatic,Unisex,
ricoh-dynamic-auto-deluxe-three-star-39mm-automatic,Ricoh Dynamic Auto Deluxe Three Star – [39mm] Automatic,Ricoh,39mm,Automatic,Men,
citizen-21-jewels-35mm-manual,Citizen 21 Jewels – [35mm] Manual,Citizen,35mm,Manual,Unisex,
rado-diastar-quartz-1980s-25-x-30-mm-quartz,Rado DiaStar Quartz (1980s) [25 x 30 mm] Quartz,Rado,,Quartz,,
seiko-7009-806l-36mm-automatic-silver-dial-day-date-vintage-1980s,Seiko 7009-8060 Two Tone Automatic [36mm] - Rare,Seiko,36mm,Automatic,Unisex,
seiko-5-baby-helmet-arabic-day-date-37mm-automatic,Seiko 5 “Baby Helmet” Stainless steel [39mm] Automatic,Seiko,39mm,Automatic,Men,
seiko-5-baby-helmet-gold-tone-37mm-automatic-ref-6319-7010,Seiko 5 Baby Helmet Gold-Tone [39mm] Automatic,Seiko,39mm,Automatic,Men,
enicar-saturnamatic-34x43mm-automatic,Enicar Saturnamatic [34x43mm] Automatic,Enicar,,Automatic,,
seiko-5-blue-dial-automatic-40mm-21-jewels,Seiko 5 Blue Dial Automatic – [40mm] 21 Jewels,Seiko,40mm,Automatic,Men,
omega-seamaster-cosmic-40mmautomatic-vintage-swiss-watch,Omega Seamaster Cosmic- [40mm] Automatic Vintage Swiss Watch,Omega,40mm,Automatic,Men,
seiko-5-tv-dial-blue-6119-5000-34mm-automatic,"Seiko 5 TV Dial Blue – 6119-5000 (rare) (34mm, Automatic)",Seiko,34mm,Automatic,Unisex,
seiko-7n32-0cw0-jdm-37mm-quartz,Seiko 7N32-0CW0 JDM [37mm] Quartz,Seiko,37mm,Quartz,Unisex,
anua-25-jewels-41mm-automatic,Anua 25 Jewels [41mm] Automatic,Anua,41mm,Automatic,Men,
seiko-galaxy-jdm-35mm-quartz,Seiko Galaxy JDM – [35mm] Quartz,Seiko,35mm,Quartz,Unisex,
bierina-super-deluxe-28x40mm-manual,Bierina Super Deluxe – (28x40mm) Manual,Bierina,,Manual,,
vostok-amphibian-42mm-manual,Vostok Amphibian – [42mm] Manual,Vostok,42mm,Manual,Men,
bocktok-17-jewels-39mm-manual,Bocktok 17 Jewels (rare) – [39mm] Manual,Vostok,39mm,Manual,Men,
citizen-v2-38mm-manual-copy,Velona 17 Jewels Shockproof – [37mm] Manual,Velona,37mm,Manual,Unisex,
citizen-v2-38mm-manual,Citizen V2 – [38mm] Manual,Citizen,38mm,Manual,Unisex,
raketa-square-dial-38mm-manual,Raketa Square Dial – [38mm] Manual,Raketa,38mm,Manual,Unisex,
omega-gold-automatic-men-s-watch-41mm,Omega Gold Automatic Men’s Watch – [41mm],Omega,41mm,Automatic,Men,
raketa-vintage-watch-41mm-automatic-made-in-ussr,"Raketa Vintage Watch – [42mm] Manual, Made in USSR",Raketa,42mm,Manual,Men,
bulova-accutron-vintage-watch-42mm-tunning-fork,Bulova Accutron Vintage Watch – [42mm] Tuning Fork (Very Rare),Bulova,42mm,Tuning Fork,Men,
quemex-playing-card-dial-25x34mm-quartz,Quemex – Playing Card Dial [25x34mm] Manual Winding,Quemex,,Manual,,
ricoh-silver-tank-27mm-manual,Ricoh India Ladies [27mm] Manual,Ricoh,27mm,Manual,Ladies,
seiko-golden-tank-27mm-quartz,Seiko Galaxy [34mm] Quartz,Seiko,34mm,Quartz,Unisex,
ricoh-india-17-jewels-shockproof-32mm-manual,Ricoh India 17 Jewels Shockproof [32mm] Manual,Ricoh,32mm,Manual,Ladies,
fudo-17-jewels-gold-case-36mm-automatic,Fudo 17 Jewels Incabloc – Gold Case [36mm] Automatic,Fudo,36mm,Automatic,Unisex,
henri-sandoz-fils-automatic-watch-37mm-automatic,Henri Sandoz & Fils Automatic Watch [37mm] Automatic,Henri Sandoz,37mm,Automatic,Unisex,
seiko-vintage-black-34mm-quartz,Seiko Vintage  6530-5530 [34mm] Quartz,Seiko,34mm,Quartz,Unisex,
ricoh-sakura-909-watch-36mm-automatic,Ricoh Sakura 909 Watch [36mm] Automatic,Ricoh,36mm,Automatic,Unisex,
ricoh-21-jewels-watch-36mm-automatic,Ricoh 21 Jewels Watch [36mm] Automatic,Ricoh,36mm,Automatic,Unisex,
gucci-vintage-watch-37mm-quartz,Gucci Vintage Watch [37mm] Quartz,Gucci,37mm,Quartz,Unisex,
raketa-big-zero-gold-case-with-original-box-very-rare,Raketa Big Zero - Gold Case with Original Box [Very Rare],Raketa,,,,
tudor-oyster-prince-black-dial-36mm-automatic,Tudor Oyster-Prince — Black Dial [36mm] Automatic,Tudor,36mm,Automatic,Unisex,
oris-waterproof-anti-shock-green-strap-33mm,Oris Waterproof Anti-Shock — Green Strap [33mm] Manual,Oris,33mm,Manual,Unisex,
nelsonic-antimagnetic-29x33mm,Nelsonic Antimagnetic  [29×33mm],Nelsonic,,,,
pobeda-36mm-manual,Pobeda- [36mm] Manual,Poebeda,36mm,Manual,Unisex,
enicar-star-jewels-ladies-manual-wind,Enicar Star Jewels Ladies - [30mm] (Manual Wind),Enicar,30mm,Manual,Ladies,
lanco-17-jewels-incabloc,Lanco Incabloc - [30mm] Manual,Lanco,30mm,Manual,Ladies,
mondia-sea-horse-39mm,Mondia Sea Horse [39mm] Manual,Mondia,39mm,Manual,Men,
seiko-quartz-28-30mm,Seiko Quartz - [28x30mm],Seiko,,Quartz,,
omega-seamaster-quartz-32mm-quartz,Omega Seamaster Quartz — [30x35mm],Omega,,Quartz,,
ricoh-gradient-dial-brown-40mm-dial-automatic,Ricoh Gradient Dial brown - [40mm Dial] Automatic,Ricoh,,Automatic,,
ruhla-antimagnetic-date-36mm-manual-winding,Ruhla Antimagnetic Date — [36mm] Manual Winding,Ruhla,36mm,Manual,Unisex,
citizen-eagle-7-blue-34mm-automatic,Citizen Eagle 7 blue [34mm] Automatic,Citizen,34mm,Automatic,Unisex,
prisma-antimagnetic-32mm-manual,Prisma “Antimagnetic” - [40 mm] Manual,Prisma,,Manual,,
raketa-173682-37mm-manual,Raketa (173682)- [36mm] Manual,Raketa,36mm,Manual,Unisex,
sandoz-superwaterproof-date-34mm-automatic,Sandoz “Superwaterproof” Date - [38mm] Automatic,Sandoz,38mm,Automatic,Unisex,
seiko-sx-rare-watch-34mm,Seiko SX (Rare) [34mm],Seiko,34mm,,Unisex,
chatgpt-said-ricoh-crystal-nos-38mm-automatic-watch-with-day-date-display,Ricoh Crystal (NOS) [38mm],Ricoh,38mm,,Unisex,
ricoh-green-39mm-dial-automatic,Ricoh Green [39mm],Ricoh,39mm,,Men,
omax-crystal-automatic-watch-40mm-dial-automatic,Omax Crystal Automatic Watch [40mm],Omax,40mm,Automatic,Men,
favre-leuba-quartz-watch-very-rare-34mm-dial-quartz,Favre Leuba Gold Thin [33mm],Favre Leuba,33mm,,Unisex,
seiko-automatic-21-jewels-watch-38mm-dial-automatic,Seiko UFO 21 Jewels Watch [38mm],Seiko,38mm,,Unisex,
titus-matic-watch-rare-42mm-dial-automatic,Titus Matic Watch (Rare) [42mm],Titus,42mm,,Men,
favre-leuba-sea-king-gray-dial-nos-38mm-dial-manual-winding,Favre-Leuba Sea King Gray Dial (NOS) [38mm],Favre Leuba,38mm,,Unisex,
tressa-jewel-watch-37mm-dial-manual-winding,Tressa Jewel Watch [37mm],Tressa,37mm,,Unisex,
favre-leuba-sea-king-brown-34mm-dial-manual-winding,Favre-Leuba Sea King Brown [34mm],Favre Leuba,34mm,,Unisex,
ricoh-sakura-watch-nos-42mm-dial-automatic,Ricoh Sakura Watch (NOS) [42mm],Ricoh,42mm,,Men,
henri-sandoz-india-made-watch-37mm-dial-manual-winding,Henri Sandoz India Made Watch [37mm],Henri Sandoz,37mm,,Unisex,
citizen-21-jewels-watch-36mm-dial-automatic,Citizen Cyclops 21 Jewels [40mm],Citizen,40mm,,Men,
favre-leuba-sea-chief-36mm-dial-manual-winding-swiss-vintage-tool-watch,Favre-Leuba Sea-Chief  [36mm] Manual Winding,Favre Leuba,36mm,Manual,Unisex,
ornema-hand-wound-watch-39mm-dial-manual-winding-swiss-made,Ornema Hand-Wound Watch [39mm] Manual Winding,Ornema,39mm,Manual,Men,
omega-speedmaster-professional-moonwatch,Omega Speedmaster Professional 'Moonwatch' - Ref. 311.30.42.30.01.005 [42mm],Omega,42mm,,Men,
seiko-5-automatic-21-jewels-watch-1970s-self-winding-36mm-square-case-ref-6119-5401,Seiko 5 TV Dial – 1970s | Self-Winding | 36mm,Seiko,36mm,Automatic,Unisex,
titoni-airmaster-21-jewels-manual-winding-watch-1960s-titoflex-case-34mm-dial-1,Titoni Airmaster 21 Jewels Manual Winding Watch – 1960s | Titoflex Case | 39mm Dial,Titoni,,Manual,,
seiko-5-automatic-21-jewels-watch-1971-self-winding-36mm-dial,"Seiko 5 ""Baby Monaco"" Automatic [36x40mm]",Seiko,,Automatic,,
citizen-17-jewels-manual-winding-watch-1963-cal-2520-34mm-dial,Citizen 17 Jewels Manual Winding Watch - Cal. 2520 [35mm],Citizen,35mm,Manual,Unisex,
favre-leuba-geneve-roman-dial-quartz-two-tone,Favre-Leuba Genève Roman Dial Quartz - Very Rare [34mm],Favre Leuba,34mm,Quartz,Unisex,
nino-swiss-17-jewels-date-early-1970s-vintage-manual-wind,Nino Swiss 17 Jewels Date [35mm],Nino,35mm,,Unisex,
favre-leuba-geneve-automatic-gold-dial-with-date-swiss-made,Favre-Leuba Genève Automatic – Gold Dial with Date (Swiss Made),Favre Leuba,,Automatic,,
ebel-1,Ebel Vintage Cushion Case Watch – Black Dial (Manual Wind),Ebel,,Manual,,
enicar-star-jewels-36mm,Enicar Star Jewels [36mm],Enicar,36mm,,Unisex,
federal-vintage-manual-wind-watch-circa-1960s-40mm,Federal Vintage Manual Wind Watch (Circa. 1960s) [40mm],Federal,40mm,Manual,Men,
native-quartz-women-s-watch-marbled-blue-dial-17x20mm,Native Quartz Women’s Watch – Marbled Blue Dial [17x20mm],Native,,Quartz,,
citizen-quartz-marble-dial-22x29mm,Citizen Quartz Marble Dial [22x29mm],Citizen,,Quartz,,
nivada-sp-17-jewels-circa-1960s-35mm,Nivada SP 17 Jewels (Circa. 1960s) [35mm],Nivada,35mm,,Unisex,
citizen-ana-digi-quartz-gold-tone-dual-display-27x31mm,Citizen Ana-Digi Quartz - Gold Tone Dual Display [27x31mm],Citizen,,Quartz,,
timex-automatic-38mm,Timex Automatic [38mm],Timex,38mm,Automatic,Unisex,
citizen-vintage-blue-dial-with-integrated-bracelet,Citizen Strada (Blue Dial) [36mm],Citizen,36mm,,Unisex,
raketa-big-zero,Raketa Big Zero (Ref. 899998),Raketa,,,,
vintage-elgin-henri-sandoz-fils-17-jewels-swiss-manual-wind-1960s-stainless-steel,"Vintage Elgin ""Henri Sandoz & Fils"" 17 Jewels | Swiss Manual Wind | 1960s Stainless Steel",Elgin,,Manual,,
titus,Titus Vintage Gold-Tone Manual Wind Watch | 17 Jewels Swiss Made,Titus,,Manual,,
caravelle-by-bulova-vintage-watch-quartz-gold-tone-case-date-magnifier-1990s,Caravelle by Bulova Vintage Watch | Quartz | Gold-Tone Case | Date Magnifier | 1990s,Caravelle,,Quartz,,
seiko-5-square-case-vintage-watch-21-jewels-japan-made-two-tone-dial-1980s,Seiko 5 Square Case Vintage Watch | 21 Jewels | Japan Made | Two-Tone Dial | 1980s,Seiko,,,,
nimada-101-vintage-watch-17-jewels-swiss-made-blue-dial-1970s,Nimada 101 Vintage Watch | 17 Jewels | Swiss Made | Blue Dial | 1970s,Nimada,,,,
nino-shockprotected-vintage-watch-17-jewels-swiss-made-gold-tone-case-1970s,Nino Shockprotected Vintage Watch | 17 Jewels | Swiss Made | Gold-Tone Case | 1970s,Nino,,,,
camy-club-star-vintage-watch-25-jewels-swiss-made-blue-dial-1970s,Camy Club Star Vintage Watch | 25 Jewels | Swiss Made | Blue Dial | 1970s,Camy,,,,
rila-extra-vintage-watch-21-jewels-swiss-made-guilloche-dial-1960s,Rila Extra Vintage Watch | 21 Jewels | Swiss Made | Guilloché Dial | 1960s,Rila,,,,
seiko-6602-8050-vintage-watch-17-jewels-japan-made-classic-black-dial-1960s,Seiko 6602-8050 Vintage Watch | 17 Jewels | Japan Made | Classic Black Dial | 1960s,Seiko,,,,
roamer-anfibio-matic-vintage-watch-swiss-made-automatic-textured-dial-1970s,Roamer Anfibio Matic Vintage Watch | Automatic | Textured Blue Dial | Swiss Made | 1970s,Roamer,,Automatic,,
timex-gold-tone-manual-wind-vintage-american-minimalism-1970s,Timex Gold-Tone Manual Wind | Vintage American Minimalism (1970s),Timex,,Manual,,
cliff-sportster-vintage-watch-black-dial-date-window-swiss-made-1970s,Cliff Sportster Vintage Watch | Black Dial | Date Window | Swiss Made | 1970s,Cliff,,,,
rigi-2300-ec-vintage-automatic-watch-swiss-made-25-jewels-incabloc-blue-dial,Rigi 2300-EC Vintage Automatic Watch | Swiss Made | 25 Jewels | Incabloc | Blue Dial,Rigi,,Automatic,,
enicar-ultrasonic-vintage-watch-25-jewels-incabloc-stainless-steel-1960s,Enicar Ultrasonic Vintage Watch | 25 Jewels | Incabloc | Stainless Steel | 1960s,Enicar,,,,
seiko-vintage-quartz-watch-gold-tone-japan-made-1980s,Seiko Vintage Quartz Watch | Gold-Tone | Japan Made | 1980s,Seiko,,Quartz,,
john-barrel-vintage-manual-wind-watch-sub-seconds-antimagnetic-swiss-made,John Barrel Vintage Manual Wind Watch | Sub-Seconds | Antimagnetic | Swiss Made,John,,Manual,,
criterion-vintage-oval-calendar-watch-mechanical-blue-dial-1970s,Criterion Vintage Oval Calendar Watch | Mechanical | Blue Dial | 1970s,Criterion,,,,
seiko-dx-automatic-25-jewels-very-rare,Seiko DX Automatic 25 Jewels (Very Rare),Seiko,,Automatic,,
shanghai-zhq-extremely-rare,Shanghai ZHQ (Extremely Rare),Shanghai,,,,
seiko-skyliner-17-jewels,Nino Swiss Green Gradient Dial- [37 mm] (Automatic),Nino,,Automatic,,
seiko-skyliner-6220-7020,Seiko Skyliner 6220-7020,Seiko,,,,
roamer-super-shock-17-jewels,Roamer Super-Shock (17 Jewels),Roamer,,,,
timex-vintage-date-sunburst-silver-dial,Timex Vintage Date (Sunburst Silver Dial),Timex,,,,
citizen-eagle-7-automatic,Citizen Eagle 7 Automatic,Citizen,,Automatic,,
west-end-watch-co-secundus-prima-ref-k3386-swiss-made,West End Watch Co. Secundus Prima | Ref: K3386 (Swiss Made),West End Watch Co.,,,,
seiko-quartz-trident-dial-ref-5y89-6110,Seiko Quartz Trident Dial | Ref: 5Y89-6110,Seiko,,Quartz,,
ricoh-crystal-automatic-ref-611044-21-jewels,Ricoh Crystal Automatic | Ref: 611044 (21 Jewels),Ricoh,,Automatic,,
citizen-quartz-two-tone-arabic-day-display,Citizen Quartz Two-Tone (Arabic Day Display),Citizen,,Quartz,,
citizen-gn-4w-s-automatic,Citizen GN-4W-S Automatic,Citizen,,Automatic,,
omax-17-jewels-automatic,Omax 17 Jewels Automatic,Omax,,Automatic,,
agon-21-jewels,Agon 21 Jewels,Agon,,,,
citizen-0200-21-jewels,Citizen 0200 (21 Jewels),Citizen,,,,
oris-pointer-date-cal-704,ORIS Pointer Date (Cal.704),ORIS,,,,
medana-lever-date-17-jewels,Medana Lever Date (17 Jewels),Medana,,,,
seiko-champion-diashock-17-jewels,Seiko Champion Diashock 17 Jewels (Circa. 1960s),Seiko,,,,
seiko-marinemaster-300-140th-anniversary-limited-edition-green,Seiko Marine Master 300 140th Anniversary Limited Edition (with Box and Original Silicone Strap),Seiko,,,,
seiko-presage-sarw049,Seiko Presage Arita Porcelain Dial - SARW049 (with Box),Seiko,,,,
direnzo-drz-04-mondial-blue,Direnzo DRZ 04 Mondial Blue (Automatic),Direnzo,,Automatic,,
seiko-baby-tuna-srpg59-with-box,"Seiko Prospex SRPG59 ""Baby Tuna"" (with Box)",Seiko,,,,
citizen-eagle-gold-automatic,Citizen Eagle Gold (Automatic),Citizen,,Automatic,,
tissot-seastar-seven,Tissot Seastar Seven,Tissot,,,,
westclox-automatic-17-jewels,Westclox Automatic 17 Jewels,Westclox,,Automatic,,
nobel-21-jewels-swiss-made,Nobel 21 Jewels Swiss Made,Nobel,,,,
mido-multifort-extra-flat,Mido Multifort Extra-Flat,Mido,,,,
eterna-matic-vintage-automatic,Eterna Matic Vintage Automatic,Eterna,,Automatic,,
orvin-21-jewels,Orvin 21 Jewels,Orvin,,,,
citizen-21-jewels-automatic,Citizen 21 Jewels Automatic,Citizen,,Automatic,,
seiko-5-tv-dial,Seiko 5 “TV Dial”,Seiko,,,,
prefect-21-jewel-antimagnetic,Prefect 21-Jewel Antimagnetic,Prefect,,,,
citizen-v2-brown-gradient-dial-c-1970s,Citizen V2; Rare Brown Gradient Dial (c.1970s),Citizen,,,,
jubilee-blue-roman-dial-gold-tone-c-1970s,Jubilee Blue Roman Dial; Gold-Tone (c.1970s),Jubilee,,,,
roamer-crosshair-dial-c-1970s,Roamer Vidar Crosshair Dial (c.1970s),Roamer,,,,
universal-geneve-ref-206513-5-c-1950s,Universal Genève Ref. 206513-5 (c.1950s),Universal Geneve,,,,
nino-17-jewels,Nino 17 Jewels,Nino,,,,
caravelle-by-bulova,Caravelle by Bulova,Caravelle,,,,
kronatron-electra,Kronatron Electra,Kronatron,,,,
omega-geneve-3,Omega Genève,Omega,,,,
favre-leuba-duomatic-3,Favre Leuba Duomatic,Favre Leuba,,,,
vintage-roda,Roda Pin Lever,Roda,,,,
sellita-automatic,Sellita 17 Jewels,Sellita,,,,
favre-leuba-duomatic-2,Favre Leuba Geneve XL (Stone Dial),Favre Leuba,,,,
michiko-london-koshino,Michiko London Koshino,Michiko,,,,
favre-leuba-duomatic-xl-push-in-date-change,Favre Leuba Duomatic XL ( push in date change ),Favre Leuba,,,,
seiko-13,Seiko 5,Seiko,,,,
seiko-66-6000,Seiko 66-6000,Seiko,,,,
timex-vscount,Timex Vscount,Timex,,,,
pierre-jacquard-electra,Pierre Jacquard Electra,Pierre,,,,
vintage-westclox,Vintage Westclox 17 Jewels,Westclox,,,,
cross-classic-century-10kt-gold-filled-rolled-gold-ballpoint-pens,Cross Classic Century 4501,Cross,,,,
raketa-vintage-watch,Raketa 2609,Raketa,,,,
tissot-couturier,Tissot Couturier,Tissot,,,,
seiko-5-sportsmatic,Seiko 5 Sportsmatic,Seiko,,,,
seiko-12,Seiko 5,Seiko,,,,
orient-tristar,Orient TriStar,Orient,,,,
tissot-le-locle-powermatic-80,Tissot Le Locle Automatic,Tissot,,Automatic,,
felca-sportmaster-xx,Felca Sportsmaster XX,Felca,,,,
nivada-glx-automatic,Nivada GLX Automatic,Nivada,,Automatic,,
lucerne-de-luxe,Lucerne De Luxe,Lucerne,,,,
omega-geneve-2,Omega Genève,Omega,,,,
mauthe-17-jewels,Mauthe 17 Jewels,Mauthe,,,,
omega-constellation-double-stamped,Omega Constellation- Double Stamped,Omega,,,,
favre-leuba-geneve-twin-matic,Favre Leuba Geneve Twin Matic,Favre Leuba,,,,
westclox-vintage-watch,Westclox Vintage Watch,Westclox,,,,
camy-club-star-super-automatic,Camy Club Star Super Automatic,Camy,,Automatic,,
baoshihua-shanghai,Baoshihua Shanghai,Baoshihua,,,,
favre-leuba-geneve-sea-king,Favre-Leuba Genève Sea King,Favre Leuba,,,,
westbury-chronograph,Westbury Superautomatic 25 Jewels,Westbury,,,,
sears-vintage-watch-2,Sears vintage watch,Sears,,,,
titoni-space-star,Titoni Space Star,Titoni,,,,
rotary-automatic-watch,Rotary Automatic watch,Rotary,,Automatic,,
nivada-para-water-v2,Nivada Para Water V2,Nivada,,,,
camy-sputnik,Camy Sputnik Vintage Watch | 21 Jewels | Swiss Made | Textured Dial | 1960s,Camy,,,,
timex-gold-mercury,Timex Gold Mercury,Timex,,,,
interwatch-lever-15-jewels-west-end-secundus,Interwatch Lever 15 Jewels,Interwatch,,,,
favre-leuba-tv-dial,Favre Leuba TV Dial (Rose Gold),Favre Leuba,,,,
oris-star,Oris Star,Oris,,,,
rolex-air-king,Rolex Air King,Rolex,,,,
rolex-submariner-no-date,Rolex Submariner (No Date),Rolex,,,,
rolex-datejust-36,Rolex Datejust 36,Rolex,,,,
seiko-11,Seiko 5,Seiko,,,,
seiko-tank-copy,Seiko 5,Seiko,,,,
seiko-10,Seiko 5,Seiko,,,,
citizen-new-master,Citizen New Master,Citizen,,,,
seiko-superior-1,Seiko Superior,Seiko,,,,
tissot-chrono,Tissot T-Classic,Tissot,,,,
bulova-1974-model,Movado Queenmatic,Movado,,,,
gruen-precision,Gruen Precision 25 Jewels,Gruen,,,,
helbros-7-jewel,Helbros 7 Jewel,Helbros,,,,
vintage-mens-helbros-watch-cal-ps32-7jewel,Slava USSR Retro Soviet,Slava,,,,
seiko-champion-1,Seiko Champion,Seiko,,,,
seiko-9,Seiko 5,Seiko,,,,
seiko-8,Seiko 5,Seiko,,,,
rado-diastar-swiss-day-date,Rado Musketeer,Rado,,,,
seiko-champion,Seiko Champion,Seiko,,,,
1980s-nivada-retro-tv,1980s Nivada Retro TV,Nivada,,,,
certina-blue-ribbon,Certina Blue Ribbon,Certina,,,,
seiko-marvel,Seiko Marvel,Seiko,,,,
vintage-swiss-wrist-watch-tourist,Tourist Incabloc,Tourist,,,,
vintage-seiko-5,Vintage Seiko 5,Seiko,,,,
tissot-t-classic,Tissot T-Classic,Tissot,,,,
seiko-5-white-patterned-dial,Seiko 5,Seiko,,,,
orient-unisex-analogue-japanese-automatic-movement-watch,Orient TriStar Automatic Movement Watch,Orient,,Automatic,,
enicar-star-jewels-ocean-pearl-1,Enicar Star Jewels Ocean Pearl,Enicar,,,,
raymond-weil-geneve-fidelio,Raymond Weil Geneve Fidelio,Raymond,,,,
rado-golden-horse,RADO Golden Horse,RADO,,,,
zodiac-astrographic-watch-0632,Zodiac Astrographic watch,Zodiac,,,,
tissot-rock-0646,Tissot Rock,Tissot,,,,
omega-de-ville-0662,Omega De Ville,Omega,,,,
omega-seamaster-0653,Omega Seamaster,Omega,,,,
omega-dynamic,Omega Genève Dynamic,Omega,,,,
longines,Longines 1960s vintage watch,Longines,,,,
seiko-king-0657,Seiko King,Seiko,,,,
enicar-star-jewels-ocean-pearl,Enicar Star Jewels Ocean Pearl,Enicar,,,,
seiko-bullhead-3,Seiko Bullhead (6188-0040),Seiko,,,,
1979-omega-seamaster-vintage-ladies-watch,1979 Omega Seamaster Vintage Ladies Watch,Omega,,,Ladies,
omega-seamaster-chronometre-circa-1950,Omega Seamaster Chronometer circa 1950,Omega,,,,
omega-seamaster-automatic-signed-miami-hall-of-fame-1974,Omega Seamaster Automatic “MIAMI HALL OF FAME“ (1973),Omega,,Automatic,,
benrus-type-2-class-a,Benrus Type-2 Class A (0222),Benrus,,,,
cartier-21-must-de-cartier,Cartier 21 Must de Cartier (186743),Cartier,,,,
omega-de-ville,Omega De Ville (55684491),Omega,,,,
omega-seamaster-polaris,Omega Seamaster Titane,Omega,,,,
omega-geneve-1,Omega Genève,Omega,,,,
1986-must-de-cartier,1986 Must de Cartier (096116),Cartier,,,,
rolex-oyster-perpetual-date,Rolex Oyster Perpetual Date,Rolex,,,,
casio-g-shock-ga-100,Casio G-Shock GA-100,Casio,,,,
casio-g-shock-g-steel,Casio G-Shock G-Steel,Casio,,,,
sears-q,Sears Q,Sears,,,,
vintage-edox-radar-444,Vintage Edox Radar 444,Edox,,,,
vintage-enicar-jumbo-size,Vintage Enicar Jumbo Size,Enicar,,,,
sears-vintage-watch-1,Sears vintage watch,Sears,,,,
vintage-sears,Sully Special 17 J,Sully,,,,
marc-nicolet-hand-winding-mens-watch,Marc Nicolet Incabloc Hand Winding Men's Watch,Marc Nicolet,,,,
seiko-7s26-automatic-mens-watch,SEIKO 7s26 Automatic Men's Watch,SEIKO,,Automatic,,
gruen-precision-hand-winding-mens-watch,Gruen Precision Hand-Winding Men's Watch,Gruen,,,,
favre-leuba-zenith-hand-winding-mens-watch-1,Favre Leuba Zenith Hand Winding Men's Watch,Favre Leuba,,,,
clinton-vintage-watch,Clinton Vintage Watch Circa 1960s-1970s,Clinton,,,,
favre-leuba-zenith-hand-winding-mens-watch,Vantage Hand Winding Men's Watch Circa 1950s to 1970s,Vantage,,,,
bulova-blue-whale,Bulova Blue Whale,Bulova,,,,
retro-racer,Seiko Retro Racer,Seiko,,,,
sears-vintage-watch,Sears Vintage Watch,Sears,,,,
elgin-deluxe,Elgin Deluxe,Elgin,,,,
lord-elgin-circa-1940s,Lord Elgin (Circa. 1940s),Lord Elgin,,,,
nos-ilona,NOS Ilona,Ilona,,,,
elgin-automatic-mens-watch-1960s,Elgin Automatic (1960s),Elgin,,Automatic,,
elgin-art-deco-self-winding-automatic,Elgin Art Deco Self-Winding (Automatic Circa. 1950),Elgin,,Automatic,,
vintage-seiko-7009-automatic-mens-watch,Vintage Seiko 7009 Automatic Men's Watch,Seiko,,Automatic,,
titoni-space-star-009-rare,Titoni Space Star 009 (Rare),Titoni,,,,
mount-royal-hand-winding-art-deco-mens-watch,Mount Royal (Art Deco),Mount Royale,,,,
vintage-nivada-automatic-mens-watch,Nivada (Automatic),Nivada,,Automatic,,
ebel,1970s Ebel Ultra-Slim (Manual Winding),Ebel,,Manual,,
omega-seamaster,Omega Seamaster (Automatic),Omega,,Automatic,,
cartier-autoscaph,Cartier 21 Autoscaph,Cartier,,,,
cartier-quartz,Must de Cartier (Quartz),Cartier,,Quartz,,
titoni-airmaster-manual,Titoni Airmaster (Manual),Titoni,,Manual,,
omega-geneve,Omega Genève (Manual),Omega,,Manual,,
ricoh-dynamic-escort,Ricoh Dynamic Escort (Manual),Ricoh,,Manual,,
limit-square,Limit Square (Quartz),Limit,,Quartz,,
bulova-excellency,Bulova Excellency,Bulova,,,,
rolex-oysterdate-precision,Rolex Oysterdate Precision,Rolex,,,,
omega-constellation,Omega Constellation,Omega,,,,
extremely-rare-west-end-secundus,Extremely Rare West End Secundus,West End Watch Co.,,,,
camy-geneve-montego-superautomatic,Camy Genève Montego Superautomatic,Camy,,,,
king-seiko-automatic,King Seiko (Automatic),King Seiko,,Automatic,,
vintage-lucerne-hand-winding-mens-watch,Vintage Lucerne Hand Winding Men's Watch,Lucerne,,,,
favre-leuba-ellipse-extremely-rare,Favre Leuba Ellipse (Extremely Rare),Favre Leuba,,,,
rare-hmt-kohinoor-hand-winding-mens-watch,Rare HMT Kohinoor Hand Winding Men's Watch,Rare,,,,
black-shield-vintage-watch-automatic,Black Shield Vintage Watch (Automatic),Black Shield,,Automatic,,
favre-leuba-1,Favre-Leuba Duomatic (Automatic),Favre Leuba,,Automatic,,
omega-constellation-quartz,Omega Constellation Quartz,Omega,,Quartz,,
seiko-superior,Seiko Superior,Seiko,,,,
seiko-bullhead-2,Seiko Bullhead,Seiko,,,,
bulova-octagon-quartz,Bulova Octagon (Quartz),Bulova,,Quartz,,
enicar-ocean-pearl-automatic,Enicar Ocean Pearl (Automatic),Enicar,,Automatic,,
caravelle,Caravelle (Circa. 1960s-1970s),Caravelle,,,,
edox-diamatic-2000-automatic,Edox DiaMatic 2000 (Automatic),Edox,,Automatic,,
milus-1980,MILUS (1980),MILUS,,,,
timex-1972-reissue,TIMEX (1972) (Reissue),TIMEX,,,,
ancora-1960s,ANCORA (1960s),ANCORA,,,,
arthus-bertrand-1990,ARTHUS-BERTRAND (1990),ARTHUS-BERTRAND,,,,
camy,CAMY (1960s),CAMY,,,,
seiko-credor-9570-5150,SEIKO Credor (9570 5150),SEIKO,,,,
seiko-lassale-520064,SEIKO Lassale (520064),SEIKO,,,,
s-t-dupont-laque-de-chine,S.T. DUPONT Laque de Chine,S.T. DUPONT,,,,
lottowatch-frend-01690,LOTTOWATCH (Frend) (01690),LOTTOWATCH,,,,
roymat-1970s-switzerland,ROYMAT (1970s Switzerland),ROYMAT,,,,
camy-1960s-switzerland,Camy (1960s Switzerland),Camy,,,,
movado-claw-lug-circa-1950s,"Movado ""Claw"" Lug (Circa 1950s) | 18K Gold",Movado,,,,
poljot-cell-1980s-ussr,Poljot Cell (1980s USSR),Poljot,,,,
c-cardinet-1970s-switzerland-1,C. Cardinet (1970s Switzerland),C. Cardinet,,,,
rado-diastar,Rado - Diastar,Rado,,,,
vostok-komandirskie-1970s,Vostok - Komandirskie (1970s),Vostok,,,,
raketa-perpetual,Raketa - Perpetual,Raketa,,,,
omega-constellation-stainless-steel-quartz,Omega Constellation Stainless Steel (Quartz),Omega,,Quartz,,
tissot-fils-locle-art-and-deco-vintage-1910s,Tissot & Fils Locle Art and Deco Vintage (1910s),Tissot,,,,
vostok-komandirskie-hand-winding,Vostok Komandirskie Hand Winding,Vostok,,,,
universal-geneve-white-shadow-automatic,Universal Genève White Shadow Automatic,Universal Geneve,,Automatic,,
seiko-belmatic,Seiko - Bellmatic (JDM Edition),Seiko,,,,
seiko-5-diamatic,Seiko 5 - Diamatic,Seiko,,,,
omega-seamaster-automatic-signed-miami-hall-of-fame-1973,Omega Seamaster Automatic - Signed “MIAMI HALL OF FAME“ (1973),Omega,,Automatic,,
seiko-5-pepsi-bezel,Seiko 5 Pepsi Bezel,Seiko,,,,
turler-signed-omega-constellation-circa-1966,Türler-signed Omega Constellation (Circa 1966),Omega,,,,
raduga-ussr,Raduga,Raduga,,,,
raketa-baltika,Raketa Baltika,Raketa,,,,
seiko-5-vintage-watch,Seiko 5 (1997),Seiko,,,,
allwyn-steel,Allwyn Steel,Allwyn,,,,
seiko-dolce-1980,Seiko Dolce,Seiko,,,,
rado-voyager,Rado Voyager,Rado,,,,
raketa-braille,Raketa Braille,Raketa,,,,
seiko-5-vintage,Seiko - 5,Seiko,,,,
seiko-5-1982,Seiko - 5,Seiko,,,,
seiko-5-1974-copy,Seiko - 5 (1974) (Copy),Seiko,,,,
seiko-5-automatic-3,Seiko 5 (Automatic),Seiko,,Automatic,,
seiko-7,Seiko - 5,Seiko,,,,
enicar-oceanpearl,Enicar - Ocean Pearl,Enicar,,,,
citizen-gold,Citizen - Gold,Citizen,,,,
seiko-5-automatic-1,Seiko 5 Automatic,Seiko,,Automatic,,
favre-leuba-duomatic-1,Favre Leuba Duomatic,Favre Leuba,,,,
1980s-rare-galaxy-by-seiko-quartz,Seiko 5 (Automatic),Seiko,,Automatic,,
seiko-credor,Seiko Credor,Seiko,,,,
darwil-special-flat,Darwil Special Flat,Darwil,,,,
seiko-dolce,Seiko Dolce,Seiko,,,,
benrus-crystal-dial,Benrus - Crystal Dial,Benrus,,,,
orient-star-dynamic,Orient Star - Dynamic,Orient,,,,
roamer-superking,Roamer - Superking,Roamer,,,,
timex-retrograde-quartz,Timex Retrograde (Quartz),Timex,,Quartz,,
ricoh-automatic,Ricoh Automatic,Ricoh,,Automatic,,
seiko-5-automatic,Seiko 5,Seiko,,,,
anglo-swiss-watch-co-brigade,Anglo Swiss Watch Co. - Brigade,Anglo Swiss,,,,
citizen-7-crystal,Citizen - 7 (Crystal),Citizen,,,,
ricoh-sakura-ufo-dial-with-signed-crown,Ricoh Sakura UFO Dial with Signed Crown,Ricoh,,,,
favre-leuba-tv-dial-1960s,Favre Leuba TV Dial (1960s),Favre Leuba,,,,
seiko-5-ladies,Seiko 5 (Ladies),Seiko,,,Ladies,
seiko-age-of-discovery-6m15-9000,Seiko Age of Discovery (6M15-9000),Seiko,,,,
ricoh-crystal,Ricoh Crystal,Ricoh,,,,
seiko-automatic-7019-8180,Seiko Automatic (7019-8180),Seiko,,Automatic,,
wittnauer-ss2500-quartz,Wittnauer SS2500 (Quartz),Wittnauer,,Quartz,,
nino-automatic,Nino Automatic,Nino,,Automatic,,
seiko-66-7100-p,Seiko 66-7100-P,Seiko,,,,
favre-leuba-duomatic,Favre Leuba Duomatic,Favre Leuba,,,,
seiko-harmony,Seiko Harmony (1960s),Seiko,,,,
citizen-parawater-1970s,Citizen Parawater (1970s),Citizen,,,,
omax-automatic-swiss-watch,Omax Automatic Swiss Watch,Omax,,Automatic,,
seiko-automatic-7009-5250f,Seiko Automatic (7009-5250F),Seiko,,Automatic,,
roamer-brevete,Roamer Breveté,Roamer,,,,
favre-leuba-geneve-1960s,Favre Leuba Geneve (1960s),Favre Leuba,,,,
1980s-rare-credor-by-seiko-quartz,1980s Rare Galaxy by Seiko (Quartz),Rare,,Quartz,,
seiko-baby-grand-seiko-1969-7009-8279,Seiko Baby Grand Seiko (1969) 7009-8279,Seiko,,,,
seiko-disco-volante-1973,Seiko Disco Volante (1973),Seiko,,,,
1980s-rare-lasalle-by-seiko-quartz,1980s Rare Lassale by Seiko (Quartz),Rare,,Quartz,,
russian-pendant-watch-with-chain,Russian Pendant Watch With Chain,Russian,,,,
raketa-calendar-1980-s-made-in-the-ussr,Raketa Calendar (1980’s) Made in the USSR,Raketa,,,,
1980s-rare-tissot-rock-quartz-midsize,1980s Rare Tissot Rock (Quartz) Midsize,Rare,,Quartz,,
seiko-batman-1975-7006-7080,Seiko Batman (1975) 7006-7080,Seiko,,,,
roamer-automatic-1970-s,Roamer Automatic (1970’s),Roamer,,Automatic,,
1999-swatch-skin-flattention-quartz,1999 Swatch Skin Flattention (Quartz),Swatch,,Quartz,,
1970-s-tissot-pr-516-quartz,1970’s Tissot PR 516 (Quartz),,,Quartz,,
rado-manhattan-deluxe-1968,Rado Manhattan Deluxe (1968),Rado,,,,
titoni-airmaster-bomber-lugs-1962,Titoni Airmaster Bomber Lugs,Titoni,,,,
jovial-grand-luxe,Jovial Grand Luxe,Jovial,,,,
orient-crystal-jewels-1990-s,Orient Crystal Jewels (1990’s),Orient,,,,
rado-purple-gazelle-1974,Rado Purple Gazelle (1974),Rado,,,,
enicar-sherpa-600-1972,Enicar Sherpa 600 (1972),Enicar,,,,
1990-s-titan-with-rare-sun-display-quartz,1990’s Titan with rare sun display (Quartz),,,Quartz,,
seiko-5-1990,Seiko 5 (1990),Seiko,,,,
cadola-pointer-date-1930-s,Cadola Pointer DateÊ (1930’s),Cadola,,,,
seiko-5-1975,Seiko 5 (1974),Seiko,,,,
titan-with-24hr-complication-quartz-1990s,Titan with 24hr Complication (Quartz) (1990s),Titan,,Quartz,,
citizen-parawater-1971,Citizen Parawater (1971),Citizen,,,,
universal-geneve-small-seconds-quartz,Universal Geneve Small Seconds (Quartz),Universal Geneve,,Quartz,,
citizen-eco-drive,"Citizen, Eco Drive",Citizen,,,,
orient-multi-year-calendar-1980-s,"Orient , Multi year Calendar (1980’s)",Orient,,,,
orient-multi-year-calendar-1984,"Orient , Multi year Calendar Ê (1984)",Orient,,,,
seiko-panda-6138-8020,Seiko - Panda (6138-8020),Seiko,,,,
seiko-bullhead-6138-0040,Seiko - Bullhead (6138-0040),Seiko,,,,
seiko-ufo-6138-0020t,Seiko - UFO (6138-0020T),Seiko,,,,
seiko-silver-pogue-6139-6002,Seiko - Silver Pogue (6139-6002),Seiko,,,,
seiko-bullhead-1,Seiko - Kakume,Seiko,,,,
seiko-baby-tuna-50th-anniversary-2015,Seiko Baby Tuna 50th AnniversaryÊ - (2015),Seiko,,,,
dugena-1990-s-power-reserve-indicator,Dugena - (1990’s) Power Reserve Indicator,Dugena,,,,
zenith-ladies-vintage,Zenith - Ladies (Vintage),Zenith,,,Ladies,
seiko-6,Seiko - 5 (Pink Accents),Seiko,,,,
seiko-5,Seiko - 5 (White),Seiko,,,,
prisma-dolphin-epsa-compressor-1964,Prisma - Dolphin Epsa Compressor (1964),Prisma,,,,
citizen-7-1970-s,Citizen - 7 (1970’s),Citizen,,,,
seiko-bellmatic,Seiko - Bellmatic (17 Jewels),Seiko,,,,
tissot-seven-tank-mid-1970s,Tissot Seven TankÊ (Mid 1970s),Tissot,,,,
seiko-5-7s-26-april-1983,Seiko 5 - 7S 26 (April 1983),Seiko,,,,
seiko-lordmatic-1975,Seiko - Lordmatic (1975),Seiko,,,,
favre-leuba,Favre Leuba,Favre Leuba,,,,
seiko-advan-1973,Seiko - Advan (1973),Seiko,,,,
seiko-5-december-1974,Seiko 5 (December 1974),Seiko,,,,
casio-wrist-remote-controller-db-35-h-1990s,Casio - Wrist Remote Controller DB 35-H (1990s),Casio,,,,
seiko-5-january-1973,Seiko 5 (January 1973),Seiko,,,,
raketa-the-big-zero,Raketa - The Big Zero,Raketa,,,,
tissot-pr-516-ladies,Tissot PR 516 (Ladies),Tissot,,,Ladies,
sandoz-aqua,Sandoz Aquaplane (1960s),Sandoz,,,,
yema-sous-marine-1970,Yema - Sous Marine (1970),Yema,,,,
omega-geneve-cal-601-1969,Omega - Geneve Cal. 601 (1969),Omega,,,,
enicar-sherpa-super-jet-1970-s,Enicar - Sherpa Super Jet (1970’s) (Crown Signed),Enicar,,,,
camy-challenger-mid-1950-s,Camy Challenger (Mid 1950’s),Camy,,,,
seiko-5-6309-september-1978,Seiko - 5 (6309) (September 1978),Seiko,,,,
rado-trident-200-1970-s,"Rado, Trident 200 (1970’s)",Rado,,,,
citizen-challenge-timer-1977,Citizen - Challenge Timer (1977),Citizen,,,,
timex-viscount-1961-extremely-rare-with-original-flex-bracelet,Timex - Viscount (1961) (Extremely Rare With Original Flex Bracelet),Timex,,,,
mortima-super-daytomatic-1972,Mortima - Super Daytomatic (1972),Mortima,,,,
enicar-ocean-pearl-1975,Enicar - Ocean Pearl (1975),Enicar,,,,
girard-perregaux-vintage,Girard Perregaux (Vintage),Girard,,,,
enicar-sherpa-320,"Enicar, Sherpa 320",Enicar,,,,
enicar-ultrasonic-1965,"Enicar, Ultrasonic (1965)",Enicar,,,,
allwyn,Allwyn,Allwyn,,,,
seiko-navigator-gmt-1971,Seiko - Navigator GMTÊ (1971),Seiko,,,,
seiko-bellmatic-1971,Seiko - BellmaticÊ (1971),Seiko,,,,
titoni-space-star-1964,Titoni - Space Star (1964),Titoni,,,,
citizen-6501-1974,Citizen - 6501 (1974),Citizen,,,,
tressa-laser-beam-1971,Tressa - Laser Beam (1971),Tressa,,,,
citizen-eagle,Citizen - Eagle,Citizen,,,,
enicar-ultrasonic,Enicar - Ultrasonic,Enicar,,,,
certina-club-2000,Certina - Club 2000,Certina,,,,
seiko-sea-lion-vintage-watch,Seiko - Sea Lion Vintage Watch,Seiko,,,,
